CustomerID ,Item Number,Description,Category,Sub-Category,WalkPosition,SubPosition,NeverAdd,NeverAddReason,WalkEnabled
302021,87076,"V. Gold, All Spice Seasoning, 70g",Spices & Foods,Assorted Spices,10,1,,,YES
302021,87036,"V. Gold, Bay Leaves 2g.",Spices & Foods,Assorted Spices,10,2,,,YES
302021,87017,"V. Gold, Basil Rubbed 28g.",Spices & Foods,Assorted Spices,10,3,,,YES
302021,87066,"V. Gold, Black Pepper Blend 63g.",Spices & Foods,Assorted Spices,10,4,,,YES
302021,87088,"V. Gold, Black Pepper Coarse 35g",Spices & Foods,Assorted Spices,10,5,,,YES
302021,87001,"V. Gold, Black Pepper Ground 40g.",Spices & Foods,Assorted Spices,10,6,,,YES
302021,87069,"V. Gold, Black Pepper Whole 35g.",Spices & Foods,Assorted Spices,10,7,,,YES
302021,87070,"V. Gold, Blackened Seasoning 143g",Spices & Foods,Assorted Spices,10,8,,,YES
302021,87015,"V. Gold, Cajun Spice 143g.",Spices & Foods,Assorted Spices,10,9,,,YES
302021,87071,"V. Gold, Cayenne 56g.",Spices & Foods,Assorted Spices,10,10,,,YES
302021,87027,"V. Gold, Celery Salt 161g.",Spices & Foods,Assorted Spices,10,11,,,YES
302021,87081,"V. Gold, Celery Seed 56g.",Spices & Foods,Assorted Spices,10,12,,,YES
302021,87029,"V. Gold, Chicken Seasoning 143g.",Spices & Foods,Assorted Spices,10,13,,,YES
302021,87021,"V. Gold, Crushed Chili 57g.",Spices & Foods,Assorted Spices,10,14,,,YES
302021,87038,"V. Gold, Soup Base Chicken 112g.",Spices & Foods,Assorted Spices,10,15,,,YES
302021,87097,"V. Gold, Chicken Seasoning 85g , No Salt Added",Spices & Foods,Assorted Spices,10,16,YES,,YES
302021,87007,"V. Gold, Chili Powder 84g.",Spices & Foods,Assorted Spices,10,17,,,YES
302021,87092,"V. Gold, Chili Garlic Seasoning 92g.",Spices & Foods,Assorted Spices,10,18,,,YES
302021,87072,"V. Gold, Chives  8g.",Spices & Foods,Assorted Spices,10,19,,,YES
302021,87045,"V. Gold, Cloves Whole 28g.",Spices & Foods,Assorted Spices,10,20,,,YES
302021,87055,"V. Gold, Cloves Ground 35g.",Spices & Foods,Assorted Spices,10,21,,,YES
302021,87082,"V. Gold, Coriander Ground 56g.",Spices & Foods,Assorted Spices,10,22,YES,,YES
302021,87011,"V. Gold, Cinnamon Ground 45g.",Spices & Foods,Assorted Spices,10,23,,,YES
302021,87043,"V. Gold, Cinnamon Sticks 28g.",Spices & Foods,Assorted Spices,10,24,,,YES
302021,87031,"V. Gold, Cinnamon Sugar 143g.",Spices & Foods,Assorted Spices,10,25,,,YES
302021,87014,"V. Gold, Curry Powder 70g.",Spices & Foods,Assorted Spices,10,26,,,YES
302021,87049,"V. Gold, Dill Seed 56g.",Spices & Foods,Assorted Spices,10,27,,,YES
302021,87062,"V. Gold, Fajita Seasoning 143g.",Spices & Foods,Assorted Spices,10,28,,,YES
302021,87057,"V. Gold, French Fry Seasoning 143g.",Spices & Foods,Assorted Spices,10,29,,,YES
302021,87058,"V. Gold,Garlic & Lemon Seasoning 143g",Spices & Foods,Assorted Spices,10,30,,,YES
302021,87047,"V. Gold, Garlic Minced 45g.",Spices & Foods,Assorted Spices,10,31,,,YES
302021,87032,"V. Gold, Garlic Pepper Seasoning 143g.",Spices & Foods,Assorted Spices,10,32,,,YES
302021,87002,"V. Gold, Garlic Powder 45g.",Spices & Foods,Assorted Spices,10,33,,,YES
302021,87013,"V. Gold, Garlic Salt 161g.",Spices & Foods,Assorted Spices,10,34,,,YES
302021,87035,"V. Gold, Ground Ginger 50g.",Spices & Foods,Assorted Spices,10,35,,,YES
302021,87084,"V. Gold, Hamburger Seasoning 143g.",Spices & Foods,Assorted Spices,10,36,,,YES
302021,87012,"V. Gold, Italian Spice 28g.",Spices & Foods,Assorted Spices,10,37,,,YES
302021,87059,"V. Gold, Jerk Seasoning 112g.",Spices & Foods,Assorted Spices,10,38,,,YES
302021,87087,"V. Gold, Lemon Dill Seasoning 120g",Spices & Foods,Assorted Spices,10,39,,,YES
302021,87028,"V. Gold, Lemon Pepper 156g.",Spices & Foods,Assorted Spices,10,40,,,YES
302021,87025,"V. Gold, Mint Leaves 21g.",Spices & Foods,Assorted Spices,10,41,,,YES
302021,87067,"V. Gold, Montreal Steak Spice 98g.",Spices & Foods,Assorted Spices,10,42,,,YES
302021,87060,"V. Gold, MSG 70g.",Spices & Foods,Assorted Spices,10,43,,,YES
302021,87033,"V. Gold, Seasoned Meat Tenderizer 143g.",Spices & Foods,Assorted Spices,10,44,,,YES
302021,87034,"V. Gold, Ground Mustard 56g",Spices & Foods,Assorted Spices,10,45,,,YES
302021,87075,"V. Gold, Whole Mustard Seeds, 56g.",Spices & Foods,Assorted Spices,10,46,,,YES
302021,87042,"V. Gold, Ground Nutmeg 30g.",Spices & Foods,Assorted Spices,10,47,,,YES
302021,87061,"V. Gold, Nutmeg Sugar 143g.",Spices & Foods,Assorted Spices,10,48,,,YES
302021,87024,"V. Gold, Chopped Onion 45 g.",Spices & Foods,Assorted Spices,10,49,,,YES
302021,87003,"V. Gold, Onion Powder 40g.",Spices & Foods,Assorted Spices,10,50,,,YES
302021,87023,"V. Gold, Onion Salt 161g.",Spices & Foods,Assorted Spices,10,51,,,YES
302021,87006,"V. Gold, Oregano Leaves 28g.",Spices & Foods,Assorted Spices,10,52,,,YES
302021,87009,"V. Gold, Parsley Flakes 7g.",Spices & Foods,Assorted Spices,10,53,,,YES
302021,87004,"V. Gold, Paprika 51g.",Spices & Foods,Assorted Spices,10,54,,,YES
302021,87102,"V. Gold, Poppy Seeds 56g",Spices & Foods,Assorted Spices,10,55,,,YES
302021,87020,"V. Gold, Pickling Spice 57g.",Spices & Foods,Assorted Spices,10,56,,,YES
302021,87079,"V. Gold, Popcorn Salt Seasoned 143g",Spices & Foods,Assorted Spices,10,57,,,YES
302021,87018,"V. Gold, Poultry Spice 57g.",Spices & Foods,Assorted Spices,10,58,,,YES
302021,87019,"V. Gold, Pizza Spice 35g.",Spices & Foods,Assorted Spices,10,59,,,YES
302021,87063,"V. Gold, Roast Beef Seasoning 143g.",Spices & Foods,Assorted Spices,10,60,,,YES
302021,87026,"V. Gold, Rosemary Leaves 21g.",Spices & Foods,Assorted Spices,10,61,,,YES
302021,87046,"V. Gold, Sage Ground 21g.",Spices & Foods,Assorted Spices,10,62,,,YES
302021,87064,"V. Gold, Salad Seasoning 120g.",Spices & Foods,Assorted Spices,10,63,,,YES
302021,87030,"V. Gold, Seafood Seasoning 143g",Spices & Foods,Assorted Spices,10,64,,,YES
302021,87041,"V. Gold, Chocolate Sprinkles 70g.",Spices & Foods,Assorted Spices,10,65,YES,,YES
302021,87040,"V. Gold, Rainbow Sprinkles 70g.",Spices & Foods,Assorted Spices,10,66,YES,,YES
302021,87073,"V. Gold, Steak Seasoning 143g.",Spices & Foods,Assorted Spices,10,67,,,YES
302021,87065,"V. Gold, Sesame Seeds 56g.",Spices & Foods,Assorted Spices,10,68,,,YES
302021,87005,"V. Gold, Seasoned Salt 161g.",Spices & Foods,Assorted Spices,10,69,,,YES
302021,87085,"V. Gold, Pure Sea Salt 161g.",Spices & Foods,Assorted Spices,10,70,,,YES
302021,87093,"V. Gold, Thai Seasoning 92g.",Spices & Foods,Assorted Spices,10,71,,,YES
302021,87077,"V. Gold, Turmeric Ground 43g.",Spices & Foods,Assorted Spices,10,72,,,YES
302021,87016,"V. Gold, Thyme Leaf 28g.",Spices & Foods,Assorted Spices,10,73,,,YES
302021,74019,"Bodico, 2-pc Eyebrow Razors, b/c, 2025: 3-asst col",Personal Care,Cosmetics,20,,,,YES
302021,74409,"Bodico, Lux Eyelash Curler, silver pvc box",Personal Care,Cosmetics,20,,,,YES
302021,74622,"Bodico, 3pcs Facial Razors, 8x2cm, b/c",Personal Care,Cosmetics,20,,,,YES
302021,74777,"Bodico, 3D Doll Eyelashes with adhesive, col box",Personal Care,Cosmetics,20,,,,YES
302021,74778,"Bodico, 3D Barbie Eyelashes, with adhesive, col box",Personal Care,Cosmetics,20,,,,YES
302021,74779,"Bodico, 3D Fairy Eyelashes with adhesive, col box",Personal Care,Cosmetics,20,,,,YES
302021,74780,"Bodico, 3D Butterfly Eyelashes with adhesive, col box",Personal Care,Cosmetics,20,,,,YES
302021,74781,"Bodico, 3D Lux Eyelashes, with adhesive, col box",Personal Care,Cosmetics,20,,,,YES
302021,74782,"Bodico, 3D Dancer Eyelashes with adhesive, col box",Personal Care,Cosmetics,20,,,,YES
302021,78082,"Bodico, Eyelash Curler w Silica Gel Handle, 2col,",Personal Care,Cosmetics,20,,,,YES
302021,78104,"Bodico, 2-pc Eyelash Tweezer & Spoolie Set, 2-asst, b/c",Personal Care,Cosmetics,20,,,,YES
302021,78383,"Bodico, Bold Eyelashes with adhesive, 6-asst, col box,",Personal Care,Cosmetics,20,,,,YES
302021,78384,"Bodico, Individual Eyelashes Variety Pack, col box",Personal Care,Cosmetics,20,,,,YES
302021,78522,"Bodico, Cluster Eyelashes w Glue window box, 6-asst, req. LOT #",Personal Care,Cosmetics,20,,,,YES
302021,78523,"Bodico, Varied Length Cluster Lashes, clam shell, 4-asst, req. LOT #",Personal Care,Cosmetics,20,,,,YES
302021,78538,"Bodico, 5pcs Lash Set window box,",Personal Care,Cosmetics,20,,,,YES
302021,82047,"Bodico Eyelash Adhesive, 7g,Clear- White,col box with header",Personal Care,Cosmetics,20,,,,YES
302021,82051,"Bodico, 3 Pairs Eyelash, 4asst clamshelw/insert(HZ)",Personal Care,Cosmetics,20,,,,YES
302021,82052,"Bodico, 5 Pairs Eyelash, 4asst clamshellw/insert(HZ)",Personal Care,Cosmetics,20,,,,YES
302021,82091,"Bodico, Eyebrow Scissors, b/c fuschia pink",Personal Care,Cosmetics,20,,,,YES
302021,82118,"Bodico Eyelash w/ Glue, 12 styles, re-usable clamshell w insert(HZ)",Personal Care,Cosmetics,20,,,,YES
302021,82120,"Bodico Pro Pencil Sharpener Set, Multi Sizes, b/c, logo on lid(HZ)",Personal Care,Cosmetics,20,,,,YES
302021,78157,"Bodico, 4pcs Pedicure Set 2 asst, blister card",Personal Care,Footcare,25,,,,YES
302021,78437,"Bodico, 8-pcs Pedicure Set, pink, PET box",Personal Care,Footcare,25,,,,YES
302021,78011,"Bodico, Cosmetic Bag, mint green, palm tree, 20X4X13cm, 6/PDQ",Personal Care,Cosmetics,30,,,,YES
302021,78012,"Bodico, Cosmetic Bag, soft pink, rainbow, 20X4X13cm, 6/PDQ",Personal Care,Cosmetics,30,,,,YES
302021,78013,"Bodico, Cosmetic Bag, lilac purple, hearts, 20X4X13cm, 6/PDQ",Personal Care,Cosmetics,30,,,,YES
302021,74460,"Bodico, Geometric Cosmetic Bag 3 col, hangtag",Personal Care,Cosmetics,30,,,,YES
302021,78346,"Bodico, Soft Minimal Cosmetic Pouch ,wrap card",Personal Care,Cosmetics,30,,,,YES
302021,74020,"Bodico, 5-pc Nail Art Brush Set, 2 asst.col.,pvc bag w/ insert card",Personal Care,Manicure,35,,,,YES
302021,74166,"Bodico 5-pc Nail Files w Travel/ Protective Case, b/c(HZ)",Personal Care,Manicure,35,,,,YES
302021,74529,"Bodico, 4-Way Buffing Block, b/c",Personal Care,Manicure,35,,,,YES
302021,74828,"Bodico, 12pc Iridescent Nails w 2g Glue, 3 asst, col box",Personal Care,Manicure,35,,,,YES
302021,74830,"Bodico, 12pc Ombre French Nails w 2g Glue, 3 asst, col box",Personal Care,Manicure,35,,,,YES
302021,74831,"Bodico, 12pc Girls Fashion Nails, pre-glued, 3 asst, col box",Personal Care,Manicure,35,,,,YES
302021,74832,"Bodico, 12pc Girls Glitter Nails, pre-glued, 3 asst, col box",Personal Care,Manicure,35,,,,YES
302021,78024,"Bodico, 3-pc Nail File, Lilac Mix, pvc bag with insert",Personal Care,Manicure,35,,,,YES
302021,78171,"Bodico, 3pcs Glass Nail File each: 9*1cm, bc",Personal Care,Manicure,35,,,,YES
302021,78195,"Bodico, Nail Files 18cm,4-asst,16/PDQ,shrink w label,",Personal Care,Manicure,35,,,,YES
302021,78385,"Bodico, 120-pc Nails in Organizer Semi-frosted nail plate,",Personal Care,Manicure,35,,,,YES
302021,78401,"Bodico, 12-pc Solid Matte Nails ,Stilletto, 4-asst, col box",Personal Care,Manicure,35,,,,YES
302021,78572,"Bodico, 24-pc ""Playful"" Nails w Adhesive, Rounded Square, 4 asst, col box",Personal Care,Manicure,35,,,,YES
302021,78573,"Bodico, 24-pc ""Pretty"" Nails w Adhesive, Rounded Square, 4 asst, col box",Personal Care,Manicure,35,,,,YES
302021,78574,"Bodico, 24-pc ""Understated"" Nails w Adhesive, Rounded Square, 4 asst, col box",Personal Care,Manicure,35,,,,YES
302021,78575,"Bodico, 24-pc ""Elegant"" Toenails w Glue (2g),4 asst, col box",Personal Care,Manicure,35,,,,YES
302021,78580,"Bodico, 24-pc ""Oppulent"" Toenails w Glue (2g),4 asst, col box",Personal Care,Manicure,35,,,,YES
302021,82010,"Bodico 24-pc 4.5 &6.5"" Nail Files, 2 Col., b/c(HZ)",Personal Care,Manicure,35,,,,YES
302021,82030,"Bodico Natural French Nails w 2g of glue, 3asst(HZ)",Personal Care,Manicure,35,,,,YES
302021,82101,"Bodico 2-pc Fancy Nail File Set,  b/c, 48/dsp",Personal Care,Manicure,35,,,,YES
302021,82115,"Bodico 48-pc Plain Nail w 7g Glue, b/c(HZ)",Personal Care,Manicure,35,,,,YES
302021,82117,"Bodico 3-pc Nail Glue, Tube 2 gr., b/c(HZ)",Personal Care,Manicure,35,,,,YES
302021,82236,"Bodico 24-pc Plain Nails w/9 Deco  Set & Glue, window box",Personal Care,Manicure,35,,,,YES
302021,84263,"Bodico 3-pc Neon Nail File, opp bag + insert",Personal Care,Manicure,35,,,,YES
302021,82004,"Bodico 3-pc Hair Dressing Set, b/c (HZ)",Hair Accessories,Hair Colouring & Acc.,40,,,,YES
302021,83481,"Bodico 6.5"" S/S Barber Scissors, 2 asst, b/c, 3-thinning/9-reg shear",Hair Accessories,Hair Colouring & Acc.,40,,,,YES
302021,74162,"Bodico, 4-pc Mini Tweezer, pvc box(HZ)",Personal Care,Cosmetics,40,,,,YES
302021,74408,"Bodico, Lux 2-pc Tweezer + Scissor  Set, 2 col, pvc box",Personal Care,Cosmetics,40,,,,YES
302021,74623,"Bodico, 3pcs Eyebrow Grooming Set , b/c",Personal Care,Cosmetics,40,,,,YES
302021,74725,"Bodico, 3-pc Men's Groom Set blister card",Personal Care,Cosmetics,40,,,,YES
302021,74947,"Bodico, 2pc Velvet Powder Puff, blister card",Personal Care,Cosmetics,40,,,,YES
302021,74948,"Bodico, 2pc Wet Dry Cosmetic Puff Sponge, blister card",Personal Care,Cosmetics,40,,,,YES
302021,74949,"Bodico, Contour Beauty Sponge, 3-asst colors, blister card",Personal Care,Cosmetics,40,,,,YES
302021,74950,"Bodico, Beauty Sponge w handle Set, 2-asst colors, blister card",Personal Care,Cosmetics,40,,,,YES
302021,74962,"Bodico, 24pcs Cosmetic Sponge Wedge, printed bag, 4.5x2x2cm",Personal Care,Cosmetics,40,,,,YES
302021,74987,"Bodico, Sculpting Brush, pink-blush, pvc bag",Personal Care,Cosmetics,40,,,,YES
302021,74988,"Bodico, Small Powder Brush, pink-blush, pvc bag",Personal Care,Cosmetics,40,,,,YES
302021,74989,"Bodico, Shadow Blending Brush, pink-blush, pvc bag",Personal Care,Cosmetics,40,,,,YES
302021,74990,"Bodico, Oval Shadow Brush, pink-blush, pvc bag",Personal Care,Cosmetics,40,,,,YES
302021,74991,"Bodico, Small Shadow Brush, pink-blush, pvc bag",Personal Care,Cosmetics,40,,,,YES
302021,74994,"Bodico, Detail Brush, pink-blush, pvc bag",Personal Care,Cosmetics,40,,,,YES
302021,77397,"Bodico, 3-pc Silicone Scraper (for bottles), 2 asst, bc",Personal Care,Cosmetics,40,,,,YES
302021,78078,"Bodico, Colourful Tweezers, 6 asst rubber finish, 9.5cm, bc",Personal Care,Cosmetics,40,,,,YES
302021,78079,"Bodico, Tweezers w Grooming Comb, 10cm, painted finished, bc",Personal Care,Cosmetics,40,,,,YES
302021,78080,"Bodico, Grooming Scissors, 9cm, stainless steel, painted, bc",Personal Care,Cosmetics,40,,,,YES
302021,78081,"Bodico, SS Cuticle Pusher & Nail Cleaner, 11cm",Personal Care,Cosmetics,40,,,,YES
302021,78099,"Bodico, 10pcs Spooly Brushes, 2 asst: pink/blue, bag w.header",Personal Care,Cosmetics,40,,,,YES
302021,78106,"Bodico, Iron Shape Cosmetic Brush 2 asst, PVC box",Personal Care,Cosmetics,40,,,,YES
302021,78107,"Bodico, Unicorn Cosmetic Brush 3 asst, PVC box",Personal Care,Cosmetics,40,,,,YES
302021,78108,"Bodico, Collapsible Brush cleaning bowl, 2-asst, pvc box",Personal Care,Cosmetics,40,,,,YES
302021,78122,"Bodico, Ombre Beauty Sponge 3 asst, blistercard",Personal Care,Cosmetics,40,,,,YES
302021,78174,"Bodico, 4pcs Beauty Sponge Set latex free, 17*14*4cm, pcv box",Personal Care,Cosmetics,40,,,,YES
302021,78239,"Bodico, Cosmetic Brush, Duo-End 20x2cm, pvc box",Personal Care,Cosmetics,40,,,,YES
302021,78256,"Bodico, Men's Grooming Set, Matte PVC box",Personal Care,Cosmetics,40,,,,YES
302021,78344,"Bodico, Beauty Sponge ,3-asst, latex free, PET box",Personal Care,Cosmetics,40,,,,YES
302021,78361,"Bodico, 6-pc Facial Extraction set, bc",Personal Care,Cosmetics,40,,,,YES
302021,78428,"Bodico, 7-pc Glitter Make-Up Brush Set, col box",Personal Care,Cosmetics,40,,,,YES
302021,78436,"Bodico, Cosmetic Brush Cleaner Pad, 14*12.5, PET box",Personal Care,Cosmetics,40,,,,YES
302021,82089,"Bodico Tweezer w/Cover, 2-col, b/c",Personal Care,Cosmetics,40,,,,YES
302021,82096,"Bodico 10-pc Cosmetic Sponge Wedges , pbh, cream natural col sponge(HZ)",Personal Care,Cosmetics,40,,,,YES
302021,82415,"Bodico S/S Nail & Cuticle Scissors, b/c, black handle",Personal Care,Cosmetics,40,,,,YES
302021,82416,"Bodico S/S Tweezer w/Grippers, b/c, col. black grip, inner box, (HZ)",Personal Care,Cosmetics,40,,,,YES
302021,82420,"Bodico Eyelash Curler w/Spare Rubber Pad, b/c(HZ)",Personal Care,Cosmetics,40,,,,YES
302021,82594,"Bodico, Facial Blemish Extraction,  pvc box w insert",Personal Care,Cosmetics,40,,,,YES
302021,82727,Bodico 3pc SS Facial Extraction Set double blister,Personal Care,Cosmetics,40,,,,YES
302021,82795,"Bodico, Moustache Grooming Kit, scissor+blk comb, blister card(HZ)",Personal Care,Cosmetics,40,,,,YES
302021,82839,"Bodico 10-pc Eye Shadow Sponge Applicator, pvc bag, opp, h/c(HZ)",Personal Care,Cosmetics,40,,,,YES
302021,74404DC-BU,"Bodico, 2-pc Mini Beauty Sponge, Blue,latex free,  printed bag",Personal Care,Cosmetics,40,,,,YES
302021,74404DC-PK,"Bodico, 2-pc Mini Beauty Sponge, Pink,latex free,  printed bag",Personal Care,Cosmetics,40,,,,YES
302021,74404DC-PP,"Bodico, 2-pc Mini Beauty Sponge, Purple,latex free,  printed bag",Personal Care,Cosmetics,40,,,,YES
302021,AP60085,"Target 2-pk Cosmetic Foam Pads, dual sided, unilingual",Personal Care,Cosmetics,40,,,,YES
302021,74992,"Bodico, Eyebrow Brush, pink-blush, pvc bag",Personal Care,Cosmetics,40,,,,YES
302021,78406,"Bodico, 12-pc Eyeshadow Applicator , white sponge tips, bc",Personal Care,Cosmetics,40,,,,YES
302021,74695,"Bodico, 8-in-1 Pedicure Set pvc box",Personal Care,Footcare,40,,,,YES
302021,74700,"Bodico, Pedicure Brush & Pumice stone, pvc box",Personal Care,Footcare,40,,,,YES
302021,74770,"Bodico 3 in 1 Foot Brush, 3col,pp zip tieswrapper(HZ)",Personal Care,Footcare,40,,,,YES
302021,78035,"Bodico, Wood 4-in-1 Pedicure Brush, Shrink Wrap& h/t",Personal Care,Footcare,40,,,,YES
302021,78102,"Bodico, Wood Foot File, hang tag",Personal Care,Footcare,40,,,,YES
302021,78156,"Bodico, Pumice Sponge-On-A-Rope, 9.5*6*2cm, 2 asst, shrink w label",Personal Care,Footcare,40,,,,YES
302021,78257,"Bodico, Foot File & Rasp, Matte 25x6x2cm, PVC box",Personal Care,Footcare,40,,,,YES
302021,82083,"Bodico  4-way Callus Remover,  clam shell",Personal Care,Footcare,40,,,,YES
302021,82217,"Bodico 2-sided Foot File, pvc bag with h/c(HZ)",Personal Care,Footcare,40,,,,YES
302021,82367,"Bodico 4-in-1 Pedicure Paddle,  b/c, grey 7c",Personal Care,Footcare,40,,,,YES
302021,82507,"Bodico Callus/Corn Shaver w/ Extra 3 Blades, white handle, b/c",Personal Care,Footcare,40,,,,YES
302021,84226,"Bodico Pumice Sponge, 24pc/dpy, 4 col.",Personal Care,Footcare,40,,,,YES
302021,74418,"Bodico, B/O Nail Care System, w/ 5 attachments, clamshell",Personal Care,Manicure,40,,,,YES
302021,74564,"Bodico, Unicorn Manicure Set, 12x9x3cm,3asst, ind wrap, 12/pdq",Personal Care,Manicure,40,,,,YES
302021,74694,"Bodico, Metal Nail File b/c",Personal Care,Manicure,40,,,,YES
302021,74834,"Bodico,2-PC Carbon Stl Nail Clipper chrome, double b/c",Personal Care,Manicure,40,,,,YES
302021,78036,"Bodico, Wood Double Side Nail Brush, toc",Personal Care,Manicure,40,,,,YES
302021,78038,"Bodico, 7-pc Glitter Manicure Set w Snap Case, glitter, w/box",Personal Care,Manicure,40,,,,YES
302021,78258,"Bodico, 3-pc Men's Manicure Set Matte, PVC box",Personal Care,Manicure,40,,,,YES
302021,82087,"Bodico, S/S Cuticle Cutter Nipper b/c(HZ)",Personal Care,Manicure,40,,,,YES
302021,82090,"Bodico, Tweezer Set w/PVC sleeve b/c",Personal Care,Manicure,40,,,,YES
302021,82102,"Bodico Toe Nail Clipper w/ Catcher, 82mm, 2col: blk&wht, b/c",Personal Care,Manicure,40,,,,YES
302021,82103,"Bodico Nail Clipper w/ Catcher, 58mm, 2col: blk&wht, b/c",Personal Care,Manicure,40,,,,YES
302021,82154,"Bodico Nail Clipper w/ Chain, Chrome, 54mm, b/c",Personal Care,Manicure,40,,,,YES
302021,82156,"Bodico Nail Clipper, Chrome, 58mm, b/c",Personal Care,Manicure,40,,,,YES
302021,82158,"Bodico Toe Nail Clipper, Chrome, 82mm, b/c",Personal Care,Manicure,40,,,,YES
302021,82192,"Bodico Nail Brush, Full Size, 3 col., sleeve card(HZ)",Personal Care,Manicure,40,,,,YES
302021,82261,"Bodico, 3-pc Manicure Set, Window Box, 12/display(HZ)",Personal Care,Manicure,40,,,,YES
302021,82262,"Bodico,7-pc Manicure & Pedicure Set , 12/display",Personal Care,Manicure,40,,,,YES
302021,82408,"Bodico 7-pc Manicure Set w/Pouch, 2 col., double blister(HZ)",Personal Care,Manicure,40,,,,YES
302021,82412,"Bodico 2pc nail brush, 2asst col: grey/green, b/c",Personal Care,Manicure,40,,,,YES
302021,78308,"Bodico, Silicone Exfoliating Sponge, lilac, d.blister",Personal Care,Skincare,40,,,,YES
302021,78359,"Bodico, Jade Facial Roller , Dual-Sided, bc",Personal Care,Skincare,40,,,,YES
302021,82190,"Bodico  Deluxe Facial Cleanser w/  Massager, blue, acetate box&insert",Personal Care,Skincare,40,,,,YES
302021,05100,"Tootsie Baby, 354ml Lotion Unscented, Made in Canada",Baby,Personal Care,50,,,,YES
302021,05101,"Tootsie Baby, 354ml Shampoo Unscented,Tear-free,Made in Canada",Baby,Personal Care,50,,,,YES
302021,76077,"Tootsie Baby, 200g Cornstarch Baby Powder, no talc, label, (82434)",Baby,Personal Care,50,,,,YES
302021,82422,Tootsie Baby 200ml (6.7oz) Baby Oil  Flip-up Bottle,Baby,Personal Care,50,,,,YES
302021,PP4699,"PP 180g  Fizzer Giftbox - 4 Scents Citrus, Jasmine, Lavender, Tea Rose",Bath & Body Care,Bath Fizzer,50,,,,YES
302021,PP4857,PP 230g Fruit Shape Fizzer - Strawberry Box Pack,Bath & Body Care,Bath Fizzer,50,,,,YES
302021,PP3563,"PP Hand Soap, 3 scents, PET Bottle 480Ml/16.2 Fl.Oz , 2 Tone Matt Pump",Bath & Body Care,Hand Soap,50,,,,YES
302021,PP4249,"PP Hand Soap, 3 scents, PET Bottle 520Ml/17.5 Fl.Oz, Black Pump",Bath & Body Care,Hand Soap,50,,,,YES
302021,PP4446,"PP, Hand Soap Bottle, Lemon Citrus 490Ml/16.5Fl.Oz. Pump Bottle",Bath & Body Care,Hand Soap,50,,,,YES
302021,PP8410,PP Self Foaming Hand Soap  2 Scents 500Ml/16.8Fl.Oz Foaming Hand Soap,Bath & Body Care,Hand Soap,50,,,,YES
302021,74759,"Natural , Unscented Deodorant w/Baking Soda, Aluminum Free",Personal Care,Hygiene,50,,,,YES
302021,74925,"Bodico, 473ml Argan Conditioner, label, Made in Canada",Personal Care,Hygiene,50,,,,YES
302021,74926,"Bodico, 354ml Oatmeal Lotion, label , Made in Canada",Personal Care,Hygiene,50,,,,YES
302021,74927,"Bodico, 532ml Lavender Body Wash , label, Made in Canada",Personal Care,Hygiene,50,,,,YES
302021,78105,"Bodico, Silicone Sheet Mask Cover header w/ opp bag",Personal Care,Hygiene,50,,,,YES
302021,78325,"Bodico, 50g Floating Bath Fizzer, 1% fragrance, 2asst, shrink,54/pdq,",Personal Care,Hygiene,50,,YES,,YES
302021,78336,"Bodico, 12oz Keratin Shampoo label, Made in Canada",Personal Care,Hygiene,50,,,,YES
302021,78337,"Bodico, 12oz Keratin Conditioner label, Made in Canada",Personal Care,Hygiene,50,,,,YES
302021,78338,"Bodico, 12oz Cool Breeze Body Wash label, Made in Canada",Personal Care,Hygiene,50,,,,YES
302021,78467,"Bodico 500ml Rosemary Conditioner, pump (78470)",Personal Care,Hygiene,50,,,,YES
302021,78468,"Bodico, 100ml Rosemary Hair Oil Serum, pump",Personal Care,Hygiene,50,,,,YES
302021,78469,"Bodico, 480ml Rosemary Hair Mask, bottle",Personal Care,Hygiene,50,,,,YES
302021,78470,"Bodico, 500ml Rosemary Shampoo, pump (78467)",Personal Care,Hygiene,50,,,,YES
302021,78552,"Delon, 70% Isopropyl Rubbing Alcohol, 473ml Bottle with Cap",Personal Care,Hygiene,50,,,,YES
302021,82189,"Bodico 237ml Liquid Hand Soap, pump, 3-fragrance",Personal Care,Hygiene,50,,,,YES
302021,82275,"Bodico, 200mL (6.7oz) Nail Polish Remover, Regular",Personal Care,Hygiene,50,,,,YES
302021,82426,"Bodico 96mL Petroleum Jelly Cream,   (3.25oz)",Personal Care,Hygiene,50,,,,YES
302021,82427,Bodico 207ml (7oz) Hair Gel,Personal Care,Hygiene,50,,,,YES
302021,82444,"Bodico 7.5oz Hand Soap, Fresh Melon, pump",Personal Care,Hygiene,50,,,,YES
302021,82840,"Bodico For Men,  413ml (14oz) Body  Wash, Blue Ray",Personal Care,Hygiene,50,,,,YES
302021,82849,"Bodico,198mL (7oz) Petroleum Jelly Cream",Personal Care,Hygiene,50,,,,YES
302021,82984,"Bodico Argan Oil hair treatment /serum, 100ml box/label/foil print",Personal Care,Hygiene,50,,,,YES
302021,82325,"Bodico 200-pc Cotton Swabs in Pvc  Box, w/insert",Personal Care,Hygiene,51,,,,YES
302021,82329,"Bodico 300-pc Cotton Swabs, b/c (HZ)",Personal Care,Hygiene,51,,,,YES
302021,82332,"Bodico 60-pc small QUILTED cosmetic pads, 100% cotton(HZ)",Personal Care,Hygiene,51,,,,YES
302021,82333,"Bodico, 50-pc Large QUILTED cosmetic pads, 100% cotton(HZ)",Personal Care,Hygiene,51,,,,YES
302021,84252,"Bodico 100-pc Cotton Balls, 100% COTTON, zip bag (82376)(HZ)",Personal Care,Hygiene,51,,,,YES
302021,84253,"Bodico 130-pc Cosmetic Cotton Swab, 2-way, plastic box, shrink wrap",Personal Care,Hygiene,51,,,,YES
302021,84254,Bodico 500pc cotton swab in col box,Personal Care,Hygiene,51,,,,YES
302021,78358,"Bodico, Reusable Ear Cleaning Swabs , 2-pc, with pouch, bc",Personal Care,Hygiene,51,,,,YES
302021,82321,"Bodico 2-pk 50-pc Cotton Swabs , b/c",Personal Care,Hygiene,51,,,,YES
302021,74113,"Excel Vision, Eye Glass Nylon Cord, Black only, b/c",Personal Care,Eyewear,60,,,,YES
302021,74221,"Excel Vision, Eye Glass Colourful Cord, 4-asst, b/c",Personal Care,Eyewear,60,,,,YES
302021,74310,"Excel Vision, Eyeglass Cleaning Set , incl. 20x18cm (black cloth),",Personal Care,Eyewear,60,,,,YES
302021,74378,"Excel Vision, Beaded Eyeglass Cord, 4-asst, b/c",Personal Care,Eyewear,60,,,,YES
302021,78565,"Excel V, Sunglasses storage box, 3-asst col, opp bag w header",Personal Care,Eyewear,60,,,,YES
302021,82011,"Excel Vision Lens Cleaning Cloth,  2-pc, 15x15cm, 3 col., 36/dsp",Personal Care,Eyewear,60,,,,YES
302021,82331,"Excel Vision Eyeglasses Repair Kit,  b/c",Personal Care,Eyewear,60,,,,YES
302021,82349,"Excel Vision  Eye Glasses Clip, 2 col., b/c",Personal Care,Eyewear,60,,,,YES
302021,82522,"Excel Vision  Sunglasses Case,  Black, hang tag",Personal Care,Eyewear,60,,,,YES
302021,82523,"Excel Vision Sunglasses Case w/Snap Hook, 2asst: charcoal & black, h/t",Personal Care,Eyewear,60,,,,YES
302021,82557,"Excel Vision 16-PC Glasses Wipes Printed Bag, Individual Pouch",Personal Care,Eyewear,60,,,,YES
302021,74473,"Bodico,2-PCS Magic Facial Towel Handy size20x15cm,window box,12/pdq",Personal Care,Bath & Shower,70,,,,YES
302021,74560,"Bodico, Wooden Bath Sponge w handle 2asst, h/c",Personal Care,Bath & Shower,70,,,,YES
302021,74624,"Bodico, Exfoliating Mitt 18x13cm, header",Personal Care,Bath & Shower,70,,,,YES
302021,74625,"Bodico, Dry Brushing Exfoliater 11x11cm, window box",Personal Care,Bath & Shower,70,,,,YES
302021,74697,"Bodico, 50g Bath Sponge 3 asst: blk/sand/charcoal, h/t",Personal Care,Bath & Shower,70,,,,YES
302021,74699,"Bodico, Flax& Bamboo Back Bath Strap,, paper wrap",Personal Care,Bath & Shower,70,,,,YES
302021,74702,"Bodico, Bamboo Bath Brush, 40x7.3cm, h/t",Personal Care,Bath & Shower,70,,,,YES
302021,74980,"Bodico, Microfibre Bath Headband 3asst, opp w header",Personal Care,Bath & Shower,70,,,,YES
302021,78025,"Bodico, Shower Cap, Lilac Mix, EVA, sleeve card",Personal Care,Bath & Shower,70,,,,YES
302021,78125,"Bodico, Exfoliating Body Pad header card",Personal Care,Bath & Shower,70,,,,YES
302021,78126,"Bodico, Soap Saver Bag Body Exfoliator, headercard",Personal Care,Bath & Shower,70,,,,YES
302021,78127,"Bodico, Back Cleansing Strap header card, Improve gsm of header card",Personal Care,Bath & Shower,70,,,,YES
302021,78128,"Bodico, Loofah Exfoliating Mitt header card",Personal Care,Bath & Shower,70,,,,YES
302021,78129,"Bodico, Wooden Body Bath Brush Black Wood, hangtag,",Personal Care,Bath & Shower,70,,,,YES
302021,78143,"Bodico, Duo-End Silicone Brush 15X3cm, pvc bag w insert",Personal Care,Bath & Shower,70,,,,YES
302021,78180,"Bodico, Dry Brushing Exfoliator w handle, 19*8*3.5cm, hc",Personal Care,Bath & Shower,70,,,,YES
302021,78252,"Bodico, Bath Sponge w Cotton Rope 50g, 4-asst, ht",Personal Care,Bath & Shower,70,,,,YES
302021,78253,"Bodico, Braided Bath Sponge 90g, 4-asst, ht",Personal Care,Bath & Shower,70,,,,YES
302021,78254,"Bodico, Bath Sponge w Handle 42x9cm, 2-asst, ht",Personal Care,Bath & Shower,70,,,,YES
302021,78255,"Bodico, 2-pc Bath Glove w Bamboo Carbon, hc",Personal Care,Bath & Shower,70,,,,YES
302021,78262,"Bodico, Cotton/Linen Bath Mitt 12x22cm, hc",Personal Care,Bath & Shower,70,,,,YES
302021,78265,"Bodico, 75g Cotton Mesh Bath Pouf ht",Personal Care,Bath & Shower,70,,,,YES
302021,78266,"Bodico, Padded Body Scrub 16x11x3cm, hc",Personal Care,Bath & Shower,70,,,,YES
302021,78309,"Bodico, Reversible Drying Towel ,Satin & Mirofibre, 2-asst, col box",Personal Care,Bath & Shower,70,,,,YES
302021,78339,"Bodico, Konjac Body Sponge ,soft-when-wet, pbh",Personal Care,Bath & Shower,70,,,,YES
302021,78340,"Bodico, Polishing Body Mitt ,cotton/poly, pbh",Personal Care,Bath & Shower,70,,,,YES
302021,78347,"Bodico, Bath Headband w Ears ,2-asst, polyester, hc",Personal Care,Bath & Shower,70,,,,YES
302021,78354,"Bodico, Fruit Salad Sleep Mask ,2-asst, polyester, hc",Personal Care,Bath & Shower,70,,,,YES
302021,78382,"Bodico, Bath Sponge w Waffle Cover ,L: 39cm, ht",Personal Care,Bath & Shower,70,,,,YES
302021,78412,"Bodico, 4-pc Clay Eye Compress, hot&cold,reusable,pvc box",Personal Care,Bath & Shower,70,,,,YES
302021,78438,"Bodico, Bath Brush, Cream, 36.5*7.7*3.6cm, ht",Personal Care,Bath & Shower,70,,,,YES
302021,78441,"Bodico, 100g Premium Bath Sponge, wht edges, 2-asst 651c/beige,h/t",Personal Care,Bath & Shower,70,,,,YES
302021,78451,"Bodico, Absorbent Hair Towel, card",Personal Care,Bath & Shower,70,,,,YES
302021,78530,"Bodico, Makeup Remover Cloth & Soap Pouch, Microfibre, Charcoal, hc",Personal Care,Bath & Shower,70,,,,YES
302021,78531,"Bodico, Nylon Mesh Soap Pouch, Exfoliator, 12.5x9.5cm, Grey, hc",Personal Care,Bath & Shower,70,,,,YES
302021,78532,"Bodico, Exfoliating Mitt, 21.5x14cm, white, hc",Personal Care,Bath & Shower,70,,,,YES
302021,78533,"Bodico, Exfoliating Bath Mitt, Gentle, Grey trim, nylon, 12.5x9.5cm, hc",Personal Care,Bath & Shower,70,,,,YES
302021,78534,"Bodico, Shower Cap, PEVA/Poly, 28x28cm, Biege, hc",Personal Care,Bath & Shower,70,,,,YES
302021,82001,"Bodico 7"" Exfoliating Glove,  4 col.,  opp bag",Personal Care,Bath & Shower,70,,,,YES
302021,82003,"Bodico 16"" Bath Brush, 3 styles, Wdn Handle, wrap card(HZ)",Personal Care,Bath & Shower,70,,,,YES
302021,82009,"Bodico Microfibre Hair Wrap, Insert Card, 2 asst(HZ)",Personal Care,Bath & Shower,70,,,,YES
302021,82035,"Bodico, 100mL All Purpose Bottle, 3 Asst, 24/Display (A314051)",Personal Care,Bath & Shower,70,,,,YES
302021,82036,"Bodico 12-pc Shower Caps, opp bag CLEAR col(HZ)",Personal Care,Bath & Shower,70,,,,YES
302021,82038,"Bodico 6-pc Shower Caps,  printed polybag",Personal Care,Bath & Shower,70,,,,YES
302021,82039,"Bodico Bath Pillow, white only, pvc bag(HZ)",Personal Care,Bath & Shower,70,,,,YES
302021,82041,"Bodico Bath Sponge w/Wood Handle,  4 col., hangtag",Personal Care,Bath & Shower,70,,,,YES
302021,82219,"Bodico 2-sided 37cm L Bath Brush, 3 col., hang tag(HZ)",Personal Care,Bath & Shower,70,,,,YES
302021,82247,"Bodico 75g Bath Sponge,3 asst. cols White, Pink, Aqua, cht(HZ)",Personal Care,Bath & Shower,70,,,,YES
302021,82258,"Bodico Sisal Body Scrubber Sponge , slv card w/shrink wrap",Personal Care,Bath & Shower,70,,,,YES
302021,82264,"Bodico Bath Brush w/Wdn. Handle, polybag(HZ)",Personal Care,Bath & Shower,70,,,,YES
302021,82334,"Bodico 2-pc Bath Sponge,35g net bag w/ plastic hook(HZ)",Personal Care,Bath & Shower,70,,,,YES
302021,82368,"Bodico 2-pc Printed Shower Cap, OPP bag",Personal Care,Bath & Shower,70,,,,YES
302021,82848,"Bodico, 40g Bath Sponge, 3 col. , h/t",Personal Care,Bath & Shower,70,,,,YES
302021,82970,"Bodico, Bath Back Exfoliating Towel 3c,12pc/dsp,wrap header, crimp fold",Personal Care,Bath & Shower,70,,,,YES
302021,82977,"Bodico, Shower Cap, 2 asst, wrap card, nylon w durable pvc lining",Personal Care,Bath & Shower,70,,,,YES
302021,84262,"Bodico 4-pc Printed Shower Caps, 4 asst. prints/bag, opp bag(HZ)",Personal Care,Bath & Shower,70,,,,YES
302021,74263,"Bodico, Soap Saver, 15g, 4.5x3x0.5"" ,wrap card, 12/cs, creme",Personal Care,Bathroom Accessories,70,,,,YES
302021,74826,"Bodico, 1pc Soft Bath Sponge, b/c, 12/clip strip",Personal Care,Cosmetics,70,,,,YES
302021,82265,"Bodico, Moisturizing Socks, White, Polybag w/insert, 12/display",Personal Care,Footcare,70,,,,YES
302021,82266,"Bodico, Moisturizing Gloves, White, Polybag w/insert, 12/display(HZ)",Personal Care,Footcare,70,,,,YES
302021,74553,"Bodico, Gel Beads Eye Mask w Plush Back, 3col, printed pvc box",Personal Care,Health & Wellness,70,,,,YES
302021,78352,"Bodico, Lizzy Sleep Eye Mask ,3-asst, hc",Personal Care,Health & Wellness,70,,,,YES
302021,78380,"Bodico, Reusable Eye Mask ,cucumber, 2-asst, pvc box",Personal Care,Health & Wellness,70,,,,YES
302021,84211,"Bodico eye mask w animal eyes 4 asst, h/c(HZ)",Personal Care,Health & Wellness,70,,,,YES
302021,74091,"Bodico, 3-pc Men Razors, S/S triple blade, b/c",Personal Care,Hygiene,70,,,,YES
302021,74092,"Bodico, 3-pc Ladies Razors, S/S triple blade, b/c",Personal Care,Hygiene,70,,,,YES
302021,74093,"Bodico, 5-pc Mens Razors, S/S twin blade, printed poly bag",Personal Care,Hygiene,70,,,,YES
302021,74094,"Bodico, 5-pc Ladies Razors, S/S twin blade, printed poly bag",Personal Care,Hygiene,70,,,,YES
302021,74605,"Bodico,Vanity Mirror/Jewelry Holder Metal Frame,3col,Col box",Personal Care,Bathroom Accessories,80,,,,YES
302021,74024,"Bodico, Magnifying Mirror,24-pc/dpy ,3 asst. strengths, h/c(HZ)",Personal Care,Mirrors,80,,,,YES
302021,74774,"Bodico, Soft Touch Mirror, black col label (HZ)",Personal Care,Mirrors,80,,,,YES
302021,74833,"Bodico, light up mirror with stand, 3 asst, plastic, col box",Personal Care,Mirrors,80,,,,YES
302021,77396,"Bodico, Round Compact Mirror 1x/2x, black, bc",Personal Care,Mirrors,80,,,,YES
302021,78097,"Bodico, Double Sided Mirror,12.5cm, 1x/2x, 3asst: clear/blue/pink, ht",Personal Care,Mirrors,80,,,,YES
302021,78098,"Bodico, Kitty Vanity Mirror w/ Tray Pink, 16x12x22cm, color box",Personal Care,Mirrors,80,,,,YES
302021,78209,"Bodico, 1x/2x Flip-Out Mirror,gold, 18.5*11.8cm,",Personal Care,Mirrors,80,,,,YES
302021,78210,"Bodico, Suction Mirror w 2 hooks 12*18cm, 2-asst, sleeve",Personal Care,Mirrors,80,,,,YES
302021,78278,"Bodico, Jewelry Storage Box 2-asst, Try-me Blister Card",Personal Care,Mirrors,80,,,,YES
302021,78345,"Bodico, Flower Compact Mirror ,1x/2x, 3-asst,",Personal Care,Mirrors,80,,,,YES
302021,78453,"Bodico, Heart Shape Mirror ,rose gold trim, b/c",Personal Care,Mirrors,80,,,,YES
302021,78519,"Bodico, Compact Mirror, 1x/2x, 4 asst, 7cm dia, pbh",Personal Care,Mirrors,80,,,,YES
302021,82008,"Bodico 9"" Hand Mirror, 4 col.,",Personal Care,Mirrors,80,,,,YES
302021,82180,"Bodico Grooming Mirror, 3 col., w/sleeve card(HZ)",Personal Care,Mirrors,80,,,,YES
302021,82195,"Bodico 8"" 2-way Mirror, 2 col., vbh col: black & white(HZ)",Personal Care,Mirrors,80,,,,YES
302021,82213,"Bodico, 3-in-1 Hand Mirror, Black, w/Rubber Feel Handle, sleeve card",Personal Care,Mirrors,80,,,,YES
302021,82214,"Bodico 2-pc Mirror, 2 col., Tie Wrap, w/Removable sticker(HZ)",Personal Care,Mirrors,80,,,,YES
302021,82220,"Bodico 2-sided Metal Stand Mirror, h/c(HZ)",Personal Care,Mirrors,80,,,,YES
302021,82222,"Bodico Hand Mirror, 3 col.,  sleeve card",Personal Care,Mirrors,80,,,,YES
302021,82448,"Bodico 15x Magnifying Mirror, Sleeve card",Personal Care,Mirrors,80,,,,YES
302021,82452,"Bodico 5 x Magnifying Mirror w/ Suction Cup, t.o.c(HZ)",Personal Care,Mirrors,80,,,,YES
302021,84344,"Bodico 10x Mirror w Suction Cup, sleeve card",Personal Care,Mirrors,80,,,,YES
302021,74233,"Bodico, Weekly w/Removeable Daily Pill Organizer,12pc/pdq, 9x5x1in",Personal Care,Health & Wellness,90,,,,YES
302021,74258,"Bodico, Easy Open Pill Case,  9""x4.5""x1"", col window box",Personal Care,Health & Wellness,90,,,,YES
302021,74612,"Bodico, 24-PC Unicorn Bandages col box",Personal Care,Health & Wellness,90,,,,YES
302021,74977,"Bodico, Pill Case Keychain, 6x2.5cm 2asst, b/c",Personal Care,Health & Wellness,90,,,,YES
302021,78085,"Bodico, Pill Splitter, 2 asst: grey/clear, b/c",Personal Care,Health & Wellness,90,,,,YES
302021,78147,"Bodico, 5pcs Nasal Snore Strips 5.5*1.7cm, col box",Personal Care,Health & Wellness,90,,,,YES
302021,78148,"Bodico, 5p Invisible L Bandage 6x7cm, col box",Personal Care,Health & Wellness,90,,,,YES
302021,78149,"Bodico, Cloth Tape, white 2cm*5m, blister card",Personal Care,Health & Wellness,90,,,,YES
302021,78150,"Bodico, Non Woven tape 2cm*10m, blister card",Personal Care,Health & Wellness,90,,,,YES
302021,78163,"Bodico, 7-day Pill Box 3-asst col, 24/PDQ, label",Personal Care,Health & Wellness,90,,YES,,YES
302021,78236,"Bodico, 7-Day Pill Organizer 4.5x14x2cm, bc",Personal Care,Health & Wellness,90,,,,YES
302021,78505,"Bodico, 40-pc Spot Bandages , col box",Personal Care,Health & Wellness,90,,,,YES
302021,78506,"Bodico, 40-pc Sheer Waterproof Bandages, col box",Personal Care,Health & Wellness,90,,,,YES
302021,78507,"Bodico 5-pc Dressing Bandage , col box",Personal Care,Health & Wellness,90,,,,YES
302021,82152,"Bodico,24-PC Marine Animal Bandages, col box",Personal Care,Health & Wellness,90,,,,YES
302021,82319,"Bodico, 2-pc Glass Medicine Dropper Set, b/c",Personal Care,Health & Wellness,90,,,,YES
302021,82341,"Bodico 7-days Pill Case, clam shell",Personal Care,Health & Wellness,90,,,,YES
302021,82366,"Bodico Weekly Pill Box Organizer, window box(HZ)",Personal Care,Health & Wellness,90,,,,YES
302021,82377,"Bodico 40-pc Fabric Bandages, Standard Size, color box(HZ)",Personal Care,Health & Wellness,90,,,,YES
302021,82378,"Bodico 40-pc Neon Colors Bandages, 3 col mixed,color box(HZ)",Personal Care,Health & Wellness,90,,,,YES
302021,82379,"Bodico 50-pc Pvc Bandages, Standard Size (72x19mm), c/box(HZ)",Personal Care,Health & Wellness,90,,,,YES
302021,82380,"Bodico 70-pc Pvc Bandages, 4 Sizes, color box(HZ)",Personal Care,Health & Wellness,90,,,,YES
302021,82381,"Bodico 60pc Clear Bandages, 4 Sizes c/box(HZ)",Personal Care,Health & Wellness,90,,,,YES
302021,82382,"Bodico, 28-pc Butterfly Bandages  Strips, colour box",Personal Care,Health & Wellness,90,,,,YES
302021,82383,"Bodico Fabric Dressing Strip. 6cm x 1.3m, color box.(HZ)",Personal Care,Health & Wellness,90,,,,YES
302021,82384,"Bodico 8-pack 2"" x 2"" Gauze Pads,  2-pc./pack, color box",Personal Care,Health & Wellness,90,,,,YES
302021,82385,"Bodico 4-pc Conforming Bandages,  2 pcs. @ 8cmx2m, 6cmx2m, cbx",Personal Care,Health & Wellness,90,,,,YES
302021,82388,"Bodico 2.5m L x 10cm W Elastic   Bandages, c/box",Personal Care,Health & Wellness,90,,,,YES
302021,82389,Bodico 3m L 7.5cm W Elastic Bandage c/box,Personal Care,Health & Wellness,90,,,,YES
302021,82390,"Bodico 4-pair Ear Plugs w/ One Storage Box, b/c(HZ)",Personal Care,Health & Wellness,90,,,,YES
302021,82475,"Bodico Knuckle & Finger Bandages,  10-pc., Non-woven, 2 Sizes, c/bx",Personal Care,Health & Wellness,90,,,,YES
302021,82476,"Bodico 60-pc Non-woven Bandages,  4 Sizes, col. box",Personal Care,Health & Wellness,90,,,,YES
302021,82477,"Bodico, 30-pc Invisible Bandages,  Waterproof, col. box",Personal Care,Health & Wellness,90,,,,YES
302021,82484,"Bodico 28-pc Kid's  Bandages, 5.8 cm x1.6 cm, col. box(HZ)",Personal Care,Health & Wellness,90,,,,YES
302021,82495,"Bodico, Plastic Adhesive Bandage, 5-pk, 7.5x10cm one size, col box",Personal Care,Health & Wellness,90,,,,YES
302021,82496,"Bodico,Fabric Adhesive Bandage,  5-pk, 5x10cm one size, col box",Personal Care,Health & Wellness,90,,,,YES
302021,82820,"Bodico 10-pc Gauze Dressing Pads,  3 Sizes, colour box",Personal Care,Health & Wellness,90,,,,YES
302021,82823,"Bodico First Aid Tape w/Dispenser,  2.5cm Wide x 4.5m Long",Personal Care,Health & Wellness,90,,,,YES
302021,82991,"Bodico, Plastic Adhesive Bandage 5-pk,one size, col box,(HZ)",Personal Care,Health & Wellness,90,,,,YES
302021,82992,"Bodico,Soft Fabric Adhesive Bandage 5-pk, 5.1x10.2cm one size, col box",Personal Care,Health & Wellness,90,,,,YES
302021,83012,"Bodico 3"" Pl. Weekly Pills Box, b/c(HZ)",Personal Care,Health & Wellness,90,,,,YES
302021,84251,"Bodico 10-pc Magnetic Spot Bandage, 1200 gauss, b/c, dia 21mm",Personal Care,Health & Wellness,90,,,,YES
302021,74095,"Bodico, 1-pc Toothbrush, 3 col, b/c soft tapered bristles, w tongue cle",Personal Care,Oral Care,91,,,,YES
302021,74628,"Bodico, Bamboo Toothbrush 4 asst col, blister card",Personal Care,Oral Care,91,,,,YES
302021,74706,"Bodico, 40pcs Kids Biodegradable Floss Pick, bag + col box",Personal Care,Oral Care,91,,,,YES
302021,74707,"Bodico, 40pcs Mint Biodegradable Floss Pick,bag + col box",Personal Care,Oral Care,91,,,,YES
302021,74929,"Bodico, Kids Ultra Soft Toothbrush w Cover,3 asst (bear/frog/tiger)",Personal Care,Oral Care,91,,,,YES
302021,74930,"Bodico, 5pk Eco-Friendly Toothbrush ,ultra soft tapered, b/c",Personal Care,Oral Care,91,,,,YES
302021,74931,"Bodico, Toothbrush and Tongue Cleaner,medium, bc",Personal Care,Oral Care,91,,,,YES
302021,74955,"Bodico, Toothpaste Dispenser, 2asst blister card, 6.5x4x5cm, ABS",Personal Care,Oral Care,91,,,,YES
302021,78048,"Tootsie Baby, 3-pc Baby Toothbrush, pvc box",Personal Care,Oral Care,91,,,,YES
302021,78146,"Bodico, 50m Plastic-Free Floss col box, 24/pdq",Personal Care,Oral Care,91,,,,YES
302021,78500,"Bodico 3pc Brights Adult Toothbrush 2-asst, 18cm, bc,",Personal Care,Oral Care,91,,,,YES
302021,78501,"Bodico, 2-pc Kids Toothbrush, 16.2cm, bc",Personal Care,Oral Care,91,,,,YES
302021,82017,"Bodico Easy Thru Dental Floss  Threader, 20-pc., Plastic Box, b/c",Personal Care,Oral Care,91,,,,YES
302021,82098,"Bodico 50-pc Flexible Toothpicks,  b/c",Personal Care,Oral Care,91,,,,YES
302021,82286,"Bodico,40-pc Bathroom Cups, pbh  (A310316)",Personal Care,Oral Care,91,,,,YES
302021,82292,"Bodico, 5-pc Kid's Toothbrushes, b/c",Personal Care,Oral Care,91,,,,YES
302021,82293,"Bodico, 4-pc Toothbrush Travel Caps b/c",Personal Care,Oral Care,91,,,,YES
302021,82296,"Bodico, 2-pc Foldable Travel Toothbrush, b/c",Personal Care,Oral Care,91,,,,YES
302021,82297,"Bodico Denture Brush, blister card",Personal Care,Oral Care,91,,,,YES
302021,82299,"Bodico 10-pc Dental Care Kit, 2col: blue/red, b/c",Personal Care,Oral Care,91,,,,YES
302021,82301,"Bodico Children Toothbrush w/ Washing Timer, 3 col.,  b/c",Personal Care,Oral Care,91,,,,YES
302021,82302,"Bodico 2-pc Toothbrush for Kids, pbh(HZ)",Personal Care,Oral Care,91,,,,YES
302021,82303,"Bodico 2-pc Adult Toothbrush, pbh w/metallic insert card each(HZ)",Personal Care,Oral Care,91,,,,YES
302021,82306,"Bodico 2-pc Flex Grip Toothbrush  with Travel Cap, 3col., b/c",Personal Care,Oral Care,91,,,,YES
302021,82308,"Bodico, Denture Bath with Brush Set white, b/c            (MI96695)",Personal Care,Oral Care,91,,,,YES
302021,82314,"Bodico 3-pc Toothbrush w/Soft Grip Handle, b/c,3col,(HZ)",Personal Care,Oral Care,91,,,,YES
302021,82492,"Bodico 2-pk Waxed Dental Floss,  12m, b/c",Personal Care,Oral Care,91,,,,YES
302021,82493,"Bodico 100m Waxed Dental Floss, b/c(HZ)",Personal Care,Oral Care,91,,,,YES
302021,82494,Bodico 50-pc Dental Floss Picks w/Mint. pp bag(HZ),Personal Care,Oral Care,91,,,,YES
302021,82606,"Bodico, 5pk Family Value Toothbrush , blister card",Personal Care,Oral Care,91,,,,YES
302021,82607,"Global,Travel Toothbrush,Extra-Soft Tapered Bristles,1c (535C),b/c",Personal Care,Oral Care,91,,,,YES
302021,74286,"Bodico, Contoured Eye Mask, 9x3.5"", pvc box w/insert",Travel,Comfort,100,,,,YES
302021,78084,"Global. Travel Pillow, black, header",Travel,Comfort,100,,,,YES
302021,78292,"Global, Anti-Motion Sickness Wristband 2-pc, Grey, Blister Card",Travel,Comfort,100,,,,YES
302021,78295,"Global, Anti-Fatigue Flight Socks, Medium Barrel Length 36cm, col box",Travel,Comfort,100,,,,YES
302021,82326,"Global. 18""x11"" Flocked Travel  Pillow, 2 col., color box",Travel,Comfort,100,,,,YES
302021,82481,"Global Dlx. Padded Eye Mask, Pvc bag with insert card(HZ)",Travel,Comfort,100,,,,YES
302021,62108,"Global Maple Leaf Flag Luggage Tag, 4.25x2.5"", toc, (LD)(H)",Travel,Luggage Accessories,100,,,,YES
302021,62220,"Global Canada Luggage Tag, 4.2x2.5"", PVC, toc, (LD) (H)",Travel,Luggage Accessories,100,,,,YES
302021,74936,"Global, Luggage Tag w/ Saying, pvc, header",Travel,Luggage Accessories,100,,,,YES
302021,74943,"Global, Sewing Kit, blister card, (LD)",Travel,Luggage Accessories,100,,,,YES
302021,78280,"Global, ""Magical"" Luggage Tag PVC, 4-asst, 8x9cm, hc",Travel,Luggage Accessories,100,,,,YES
302021,78281,"Global, ""Sunnies"" Luggage Tag PVC, 4-asst, 6x12.5cm, hc",Travel,Luggage Accessories,100,,,,YES
302021,78283,"Global, Luggage Tag w/AirTag Pocket PU Leather, 2-asst, 6.5x19cm, hc",Travel,Luggage Accessories,100,,,,YES
302021,78291,"Global, Luggage Tag w Info Cover PU Leather, 3-asst, hc",Travel,Luggage Accessories,100,,,,YES
302021,83061,"Global  7.75""H Luggage Scale,  clamshell",Travel,Luggage Accessories,100,,,,YES
302021,78155,"Global, 3-pc Mesh Bags 19x13/24x17/29x21cm, bag w insert,",Travel,Luggage Organizers,100,,,,YES
302021,78447,"Global, Flat Bag w Zipper, 27*19cm ,2-asst, hang tag",Travel,Luggage Organizers,100,,,,YES
302021,78452,"Global, 4-pc Travel Pouches, black trim, opp bag w header",Travel,Luggage Organizers,100,,,,YES
302021,74937,"Global, TSA Colour Key Lock, two-colour contrast,4 asst, b/c,",Travel,Security,100,,,,YES
302021,74940,"Global, RFID Passport & Credit.C Holder,2col,10x14cm,pu, cbx (89594)",Travel,Security,100,,,,YES
302021,78293,"Global, RFID Passport Anti-Theft Sleeve, pbh",Travel,Security,100,,,,YES
302021,78294,"Global, RFID Credit Card Anti-Theft Sleeve, 3-pc, pbh",Travel,Security,100,,,,YES
302021,78561,"Global, Universal Phone Mount Holder, black, col box",Travel,Security,100,,,,YES
302021,78563,"Global, 4-pc Anti-Theft Zipper Clips, 2-asst colors (Black/ Silver), bc",Travel,Security,100,,,,YES
302021,80569,"Global Scan-proof Cards Wallet w/ pattern, Aluminum, 6 styles, 12/dsp",Travel,Security,100,,,,YES
302021,80913,"Global Scan-proof Cards Wallet, Aluminum, 6 colours, 12/dsp",Travel,Security,100,,,,YES
302021,74025,"Global, Oval Shape Travel Bottle, 80ml, 48pc/dpy",Travel,Toiletries,100,,,,YES
302021,74027,"Global Refillable Bottles 36pc/dpy,, 3 cols, 100ml(HZ)",Travel,Toiletries,100,,,,YES
302021,74125,"Global, 3pc  Pump Travel Bottle, 1x100ml/2x50ml, opp+header(HZ)",Travel,Toiletries,100,,,,YES
302021,74250,"Global, 90ml Squeezable Travel Tube , 4 asst colours, Card Holder(HZ)",Travel,Toiletries,100,,,,YES
302021,74251,"Global, 37ml Squeezable Travel Tube 4 asst colours, Card Holder(HZ)",Travel,Toiletries,100,,,,YES
302021,74325,"Global, 2-pc Mini Brush & Comb, 3 asst col, hang tag",Travel,Toiletries,100,,,,YES
302021,74405,"Global, Travel Toothbrush Holder, 12/pdq, 2-asst",Travel,Toiletries,100,,,,YES
302021,74406,"Global, Travel Soap Case, 3 col: clear, blue, red, 12/pdq",Travel,Toiletries,100,,,,YES
302021,74723,"Global, 300ml Multi-Use Bottle, flip-top lid, opp bag+header",Travel,Toiletries,100,,,,YES
302021,74809,"Global, 90ml Silicone Hangable Squeeze Tube, 3asst,header",Travel,Toiletries,100,,,,YES
302021,74859,"Global, Travel Toothbrush w Storage Case,ultra soft, bc",Travel,Toiletries,100,,,,YES
302021,74922,"Global, 9pc Travel Bottle Set, ht, 12/pdq, 5bottes/3container/1 pouch",Travel,Toiletries,100,,,,YES
302021,78120,"Global, 3 Stackable Storage Jars 3.5x6cm, clear, pbh",Travel,Toiletries,100,,,,YES
302021,78162,"Global, 7pc Travel Bottle Set 18*15*5cm, pvc bag",Travel,Toiletries,100,,,,YES
302021,78276,"Global, Medication Organizer 2-asst, 11.5x7x4cm,printed pvc wrap",Travel,Toiletries,100,,,,YES
302021,78277,"Global, 7pc Travel Bottle Set label, 12pcs/pdq",Travel,Toiletries,100,,,,YES
302021,78348,"Global, 6-pc Glam Travel Bottles ,ht, clear PVC bag w/",Travel,Toiletries,100,,,,YES
302021,78397,"Global, 7-Day Piano Pill Organizer ,15x5x2cm, wrap card w/header",Travel,Toiletries,100,,,,YES
302021,78432,"Global, 2-pc Travel Bottle w Silcone Hanger, 2-asst blk/wht,card",Travel,Toiletries,100,,,,YES
302021,78442,"Global, 2-pc Travel Squeeze Bag ,90ml, opp bag w header",Travel,Toiletries,100,,,,YES
302021,78660,"Global, 20-pc Compressed  Face Towels, ind. wrapped, hc",Travel,Toiletries,100,,,,YES
302021,82032,"Global, 2-pc 100ml Travel Bottles, with black wording, header",Travel,Toiletries,100,,,,YES
302021,82181,Global 8-pc Carry-on Travel Pouch w/Containers & Labels,Travel,Toiletries,100,,,,YES
302021,82197,"Global Travel Soap Case, sleeve card(HZ)",Travel,Toiletries,100,,,,YES
302021,82212,"Global Travel Toothbrush Case, sleeve card(HZ)",Travel,Toiletries,100,,,,YES
302021,82454,"Global 2-pc 50ml Travel Bottles, Flip-up Top, Clear color, pbh(HZ)",Travel,Toiletries,100,,,,YES
302021,82455,"Global 2-pc 50ml Travel Bottles, 1 Pump+1 Spray, pbh(HZ) white lid,",Travel,Toiletries,100,,,,YES
302021,76773,"Tootsie Baby, 75-pc Baby Wipes, UNSCENTED, 35gsm",Baby,Personal Care,110,,,,YES
302021,82869,"Bodico,6-pc Scented Double Body Wax Strips w/1 Wipe,2 Asst,C/box,12/dsp",Personal Care,Hygiene,110,,,,YES
302021,82870,"Bodico,6-pc Scented Double Bikini Wax Strips,1 Wipe,2 Asst,cbx,12/dsp",Personal Care,Hygiene,110,,,,YES
302021,82871,"Bodico 10-pcScented Double Face Wax Strips,2 Wipes,2 Asst, cbx,12/dsp",Personal Care,Hygiene,110,,,,YES
302021,82872,"Bodico, Facial Care Product, 3 Asst Colour Box, 24/dsp",Personal Care,Hygiene,110,,,,YES
302021,82949,"Bodico, 25-pc Facial Wipes, 15x20cm Printed Bag, 24/display box (82344)",Personal Care,Hygiene,110,,,,YES
302021,82950,"Bodico, 10-pc Facial Wipes, 15x20cm Printed Bag, 24/display box",Personal Care,Hygiene,110,,,,YES
302021,82952,"Bodico, 10-pc Hygienic Hand Wipes, 15x20cm, Printed Bag,24/dsp",Personal Care,Hygiene,110,,,,YES
302021,82280,"Bodico 6-pack 10-pc 3-ply Pocket Tissue, white tissue, Polybag",Personal Care,Hygiene,110,,,,YES
302021,78207,"Bodico, Wrist Support Wrap adjustable, col box,",Personal Care,Health & Wellness,121,,,,YES
302021,78234,"Bodico, 9"" Refillable Ice Bag 3-col, wrap header",Personal Care,Health & Wellness,121,,,,YES
302021,82466,"Bodico Sport Support Hand/Wrist,  pvc box w/hanger",Personal Care,Health & Wellness,121,,,,YES
302021,82468,"Bodico Sport Support Knee, col box w/hanger",Personal Care,Health & Wellness,121,,,,YES
302021,82469,"Bodico Sport Support Elbow,  pvc box w/hanger",Personal Care,Health & Wellness,121,,,,YES
302021,82471,"Bodico Sport Support Foot/Ankle,  pvc box w/hanger",Personal Care,Health & Wellness,121,,,,YES
302021,82609,"Bodico, Pro Wrist Support blk w grey web, col box(HZ)",Personal Care,Health & Wellness,121,,,,YES
302021,82610,"Bodico, Pro Ankle Support blk w grey web, col box(HZ)",Personal Care,Health & Wellness,121,,,,YES
302021,82612,"Bodico, Pro Knee Support S/M/L, blk w grey web, col box",Personal Care,Health & Wellness,121,,,,YES
302021,82613,"Bodico, Pro Elbow Support, 3sizes S/M/L, blk w grey web, col box(HZ)",Personal Care,Health & Wellness,121,,,,YES
302021,82612-L,"Bodico, Pro Knee Support Size Large only, col box",Personal Care,Health & Wellness,121,,,,YES
302021,82613-L,"Bodico, Pro Elbow Support Size Large only, col box",Personal Care,Health & Wellness,121,,,,YES
302021,74470,"Bodico, Anti Static Carbon Fiber Comb/Pick, 23.5x3cm, OPP bag",Hair Accessories,Combs & Brushes,123,,,,YES
302021,74490,"Bodico, 2pcs Hair Brush & Comb Set 3 col, Tie on card",Hair Accessories,Combs & Brushes,123,,,,YES
302021,74492,"Bodico, Shower Detangling Brush, Hang card",Hair Accessories,Combs & Brushes,123,,,,YES
302021,74973,"Bodico, Hair Styling Comb, 2asst, Paper Wrap",Hair Accessories,Combs & Brushes,123,,,,YES
302021,76255,"Kids Hair Brushes, 3 styles, 3 col. h/t",Hair Accessories,Combs & Brushes,123,,,,YES
302021,77093,"Stylin 3-pc Large Tooth Comb Set, Black colour, b/c",Hair Accessories,Combs & Brushes,123,,,,YES
302021,77094,"Stylin 2-pc Comb Set, 3 col., b/c",Hair Accessories,Combs & Brushes,123,,,,YES
302021,77095,"Stylin 3-pc Hair Pick Comb set, Black colour,  b/c",Hair Accessories,Combs & Brushes,123,,,,YES
302021,77115,"Bodico Metallic Hair Brush w/ Rubber Handle, 4 styles, h/c",Hair Accessories,Combs & Brushes,123,,,,YES
302021,77199,"Stylin, Printed Combs, 2 asst: dk blue & brown, hc",Hair Accessories,Combs & Brushes,123,,,,YES
302021,77241,"Bodico 10-pc Assorted Family Comb  Set, blister card",Hair Accessories,Combs & Brushes,123,,,,YES
302021,77360,"Stylin, 10pc Family Comb Set, Neon Asst. Col., b/c",Hair Accessories,Combs & Brushes,123,,,,YES
302021,77395,"Stylin, 2pc Comb Set 3 asst: black/pink/turq, hc",Hair Accessories,Combs & Brushes,123,,,,YES
302021,77411,"Bodico Pro. Padded Oval Hair brush, 3 col, h/c(HZ)",Hair Accessories,Combs & Brushes,123,,,,YES
302021,77412,"Bodico Pro. Vented Hair brush, 2 col, h/c",Hair Accessories,Combs & Brushes,123,,,,YES
302021,78027,"Bodico, Oval Detangling Hair Brush, ombre, thin flex bristles, t.o.c",Hair Accessories,Combs & Brushes,123,,,,YES
302021,78028,"Bodico, Paddle Hair Brush, ombre, backing card",Hair Accessories,Combs & Brushes,123,,,,YES
302021,78164,"Bodico, Rectangle Hairbrush, toc 24x5x5cm, ABS+nylon",Hair Accessories,Combs & Brushes,123,,,,YES
302021,78165,"Bodico, Flex-Bristle Detangler Hairbrush, Travel, 3 asst,",Hair Accessories,Combs & Brushes,123,,,,YES
302021,78166,"Bodico, Oval Detangler Brush pvc box, 12x8x5cm",Hair Accessories,Combs & Brushes,123,,,,YES
302021,78213,"Bodico, Ombre Hairbrush with Flexi Base, 17*5*3.5cm, ht",Hair Accessories,Combs & Brushes,123,,,,YES
302021,78246,"Bodico, Teasing Comb, 2-asst ABS 21cm, wrap",Hair Accessories,Combs & Brushes,123,,,,YES
302021,78247,"Bodico, Travel Hairbrush, 2-asst ratio: 8 brush/4 comb, 18cm, ht",Hair Accessories,Combs & Brushes,123,,,,YES
302021,78248,"Bodico, 3-pc Pocket Comb hc",Hair Accessories,Combs & Brushes,123,,,,YES
302021,78249,"Bodico, Kids Folding Detangling Brush, 2-asst, 17*5cm, pvc box",Hair Accessories,Combs & Brushes,123,,,,YES
302021,78251,"Bodico, Self Cleaning Detangling Brush, Wrap, 2-asst",Hair Accessories,Combs & Brushes,123,,,,YES
302021,78263,"Bodico, Wheat Straw Padded Hairbrush, kraft box",Hair Accessories,Combs & Brushes,123,,,,YES
302021,78264,"Bodico, Wheat Straw Detangling Brush, 3 asst, 21 pcs/pdq",Hair Accessories,Combs & Brushes,123,,,,YES
302021,78350,"Bodico, Vented Detangling Brush ,24x8cm, wrap card",Hair Accessories,Combs & Brushes,123,,,,YES
302021,78357,"Bodico, Hair Brush Cleaner , bc",Hair Accessories,Combs & Brushes,123,,,,YES
302021,78434,"Bodico, 2pcs Wheat Straw Comb Set, biege, back card",Hair Accessories,Combs & Brushes,123,,,,YES
302021,82043,"Bodico Salon Hair Brush, 4 Styles, w/Rubberized, 4 C, h/t(HZ)",Hair Accessories,Combs & Brushes,123,,,,YES
302021,82072,"Bodico 2-pc Pocket Comb, 2 col., b/c(HZ)",Hair Accessories,Combs & Brushes,123,,,,YES
302021,82073,"Bodico 2-pc Mini Fine Tooth Comb, 2 col., b/c(HZ)",Hair Accessories,Combs & Brushes,123,,,,YES
302021,82074,"Bodico 2-pc Mini Detangler Comb, 2 col., b/c(HZ)",Hair Accessories,Combs & Brushes,123,,,,YES
302021,82075,"Bodico 2-pc Tail Comb, 2 col., b/c(HZ)",Hair Accessories,Combs & Brushes,123,,,,YES
302021,82076,"Bodico 1-pc Pick Comb, 2 col., b/c (HZ)",Hair Accessories,Combs & Brushes,123,,,,YES
302021,82077,"Bodico 1-pc Wide Tooth Comb, 2 col: black & tortoise, b/c(HZ)",Hair Accessories,Combs & Brushes,123,,,,YES
302021,82078,"Bodico 1-pc Detangler Comb, 2 col., b/c(HZ)",Hair Accessories,Combs & Brushes,123,,,,YES
302021,82079,"Bodico Shower Hanging Wide Tooth Comb, 2 col., b/c(HZ)",Hair Accessories,Combs & Brushes,123,,,,YES
302021,82099,"Bodico, 6-pc Pocket Comb, b/c col: all black(HZ)",Hair Accessories,Combs & Brushes,123,,,,YES
302021,82328,"Bodico 9"" Pl. Hair Brush, 6 styles, plastic hanging tag(HZ)",Hair Accessories,Combs & Brushes,123,,,,YES
302021,82364,"Bodico 8"" Foldable Hair Brush,  w/ Mirror, 2 col., b/c",Hair Accessories,Combs & Brushes,123,,,,YES
302021,74424,"Bodico, 0.7 L Hot Water Bottle, red , pp bag w insert",Personal Care,Health & Wellness,123,,,,YES
302021,77364,"Bodico 2-pc Lice Comb, 2 lengths, b/c",Personal Care,Health & Wellness,123,,,,YES
302021,78040,"Bodico, 370ml Hot Water Bottle w Cover, 3 asst, h/t",Personal Care,Health & Wellness,123,,,,YES
302021,82136,"Bodico 1.7L Rubber Hot Water Bottle  w/Cover, 3 col., h/t",Personal Care,Health & Wellness,123,,,,YES
302021,82392,"Bodico 5""x6"" Instant Cold Pack,  color box",Personal Care,Health & Wellness,123,,,,YES
302021,84222,"Bodico, 1.7 Hot Water Bottle, 4 asst col., pp bag w/ full insert",Personal Care,Health & Wellness,123,,,,YES
302021,82136DC-BWLEOPAR,"Bodico 1.7L Leopard Rubber Hot Water Bottle w/ Cover, h/t",Personal Care,Health & Wellness,123,,,,YES
302021,82136DC-WHLEOPAR,"Bodico 1.7L Rubber Hot Water Bottle  w/Cover, h/t",Personal Care,Health & Wellness,123,,,,YES
302021,74028,"Bodico 400ml Water Spray Bottle, Clear, 2-asst, wrap card (CS)",Hair Accessories,Hair Colouring & Acc.,124,,,,YES
302021,74613,"Bodico Salon, 6-PC Sectioning Clips , printed bag",Hair Accessories,Hair Colouring & Acc.,124,,,,YES
302021,74614,"Bodico Salon, 9-PC Sectioning Clamp Clips, printed bag",Hair Accessories,Hair Colouring & Acc.,124,,,,YES
302021,74615,"Bodico Salon, 6-PC Sectioning Croc  Clips, printed bag",Hair Accessories,Hair Colouring & Acc.,124,,,,YES
302021,74618,"Bodico Salon, 5.5"" Hair Shears, stainless steel, pvc box w insert",Hair Accessories,Hair Colouring & Acc.,124,,,,YES
302021,74619,"Bodico Salon, 5.5"" Thinning Shears , stainless steel, pvc box w insert",Hair Accessories,Hair Colouring & Acc.,124,,,,YES
302021,74964,"Bodico, 500ml Black Spray Bottle, ht, 12/PDQ",Hair Accessories,Hair Colouring & Acc.,124,,,,YES
302021,78624,"Bodico, 300mL Fine Mist Spray Bottle, blue, bellyband",Hair Accessories,Hair Colouring & Acc.,124,,,,YES
302021,82046,"Bodico 3-pc Hair Colouring Set, clear pvc bag w/header(HZ)",Hair Accessories,Hair Colouring & Acc.,124,,,,YES
302021,82048,"Bodico, 500mL Salon Spray Bottle, sleeve card(HZ)",Hair Accessories,Hair Colouring & Acc.,124,,,,YES
302021,82049,"Bodico 235ml Spray Bottle, sleeve card(HZ)",Hair Accessories,Hair Colouring & Acc.,124,,,,YES
302021,82050,"Bodico, Deluxe Hairdressing Cape, 140x90cm, Black, pbh",Hair Accessories,Hair Colouring & Acc.,124,,,,YES
302021,82356,"Bodico 3-pc Hair Coloring Brushes, b/c(HZ)",Hair Accessories,Hair Colouring & Acc.,124,,,,YES
302021,74180,"Stylin, 8-pc Polka Dot Snap Barrettes, h/c",Hair Accessories,Clips & Barrettes,125,,,,YES
302021,76003,"Stylin G, 4-pc Butterfly Clips , hc",Hair Accessories,Clips & Barrettes,125,,,,YES
302021,76004,"FAB, 1pc Faux Hair Extension, 60G, 6 asst. col, PVC bag w/ color",Hair Accessories,Clips & Barrettes,125,,,,YES
302021,76009,"Stylin G, 10-PC Pastel Snap Clips h/c",Hair Accessories,Clips & Barrettes,125,,,,YES
302021,76016,"Stylin G,4-pc Flower Snap Barrette,  h/c",Hair Accessories,Clips & Barrettes,125,,,,YES
302021,76026,"Stylin Girl, 4-pc Snap Barrette w Butterfly, hc",Hair Accessories,Clips & Barrettes,125,,,,YES
302021,76033,"Stylin Girl, 4-pc Snap Barrette w hearts, hc",Hair Accessories,Clips & Barrettes,125,,,,YES
302021,76044,"Stylin G, 6-pc Snap Barretted w Hearts, hc",Hair Accessories,Clips & Barrettes,125,,,,YES
302021,76045,"Stylin G, 14-PC Rainbow Enamel Snap Barrettes, h/c",Hair Accessories,Clips & Barrettes,125,,,,YES
302021,76054,"Stylin G, 4-pc Snap Barette, Fruits , 3 asst, hc",Hair Accessories,Clips & Barrettes,125,,,,YES
302021,76075,"Stylin G, 18-pc Plastic Snap Barrettes, b/c",Hair Accessories,Clips & Barrettes,125,,,,YES
302021,76076,"Stylin G. 4-pc Bow Clips, hc",Hair Accessories,Clips & Barrettes,125,,,,YES
302021,76078,"Stylin G. 4-pc Fabric Flower Clips, hc",Hair Accessories,Clips & Barrettes,125,,,,YES
302021,76110,"Stylin G, 3-pc Star w Frill Ponyholder (blue/purple/pink), h/c",Hair Accessories,Clips & Barrettes,125,,,,YES
302021,76116,"Stylin G, 10p Snap Barrette flower print, header card",Hair Accessories,Clips & Barrettes,125,,,,YES
302021,76175,"Stylin G, 2-pc Sequin Clips Holographic Butterfly, hc",Hair Accessories,Clips & Barrettes,125,,,,YES
302021,76338,"Stylin G  60-pc Bobby Pins, h/c, satin finish",Hair Accessories,Clips & Barrettes,125,,,,YES
302021,76348,"Stylin Girl, 30-pc Micro Mini Clips h/c",Hair Accessories,Clips & Barrettes,125,,,,YES
302021,76383,"StylinG,320-pc Hair Accessories Set Latex Pony holder & mini clips",Hair Accessories,Clips & Barrettes,125,,,,YES
302021,76498,"Stylin 2-pc Flat Barrettes, 2 asst, h/c",Hair Accessories,Clips & Barrettes,125,,,,YES
302021,76537,"Stylin Girls, 3-PC Tulle Bow Clips 2asst,h/c",Hair Accessories,Clips & Barrettes,125,,,,YES
302021,77011,"Stylin, 4-pc Matte Butterfly Clips ,small, 2-asst, hc",Hair Accessories,Clips & Barrettes,125,,,,YES
302021,77012,"Stylin, Squiggle Claw Clip ,2-asst, hc",Hair Accessories,Clips & Barrettes,125,,,,YES
302021,77013,"Stylin, Olive Swirl Claw Clip ,2-asst, hc",Hair Accessories,Clips & Barrettes,125,,,,YES
302021,77014,"Stylin, 2-pc Small Claw Clip ,matte, 2-asst, hc",Hair Accessories,Clips & Barrettes,125,,,,YES
302021,77019,"Stylin, Semi Frosted Claw Clip ,hc",Hair Accessories,Clips & Barrettes,125,,,,YES
302021,77034,"Stylin, Chain Link Claw Clips ,2-asst, hc",Hair Accessories,Clips & Barrettes,125,,,,YES
302021,77039,"Stylin, Matte Blk Claw Clip ,Small, hc",Hair Accessories,Clips & Barrettes,125,,,,YES
302021,77043,"Stylin, Matte Claw Clip ,2-asst, hc",Hair Accessories,Clips & Barrettes,125,,,,YES
302021,77044,"Stylin, Curved Matte claw Clip ,black, hc",Hair Accessories,Clips & Barrettes,125,,,,YES
302021,77045,"Stylin, Matte Quilted Claw Clip ,large, hc",Hair Accessories,Clips & Barrettes,125,,,,YES
302021,77049,"Stylin, Large Black Claw Clip hc",Hair Accessories,Clips & Barrettes,125,,,,YES
302021,77052,"Stylin, Matte Swirl Claw Clip ,Black, hc",Hair Accessories,Clips & Barrettes,125,,,,YES
302021,77057,Stylin 8-pc Snap Barrette,Hair Accessories,Clips & Barrettes,125,,,,YES
302021,77061,"Stylin, 6-pc Gold/Silver Snap Barrette, 2 asst, hc",Hair Accessories,Clips & Barrettes,125,,,,YES
302021,77070,"Stylin, 12-pc Clips, 2 styles ,b/c",Hair Accessories,Clips & Barrettes,125,,,,YES
302021,77073,"Stylin, 3-PC Med Claw Clips h/c",Hair Accessories,Clips & Barrettes,125,,,,YES
302021,77078,"Stylin, 10-pc Neutral Snap Barrette , hc",Hair Accessories,Clips & Barrettes,125,,,,YES
302021,77085,"Styling, 30-pc Matte Black Bobby Pins, h/c",Hair Accessories,Clips & Barrettes,125,,,,YES
302021,77090,"Stylin G, 10-pc Splatter Snap Barrette, hc",Hair Accessories,Clips & Barrettes,125,,,,YES
302021,77099,"Stylin G, 4-pc Flower Snap Barrette , 2 asst, hc",Hair Accessories,Clips & Barrettes,125,,,,YES
302021,77106,"Stylin, 9-pc Ponyholder & Clip Set , 2 asst, hc",Hair Accessories,Clips & Barrettes,125,,,,YES
302021,77117,"Stylin, Med Soft Bow Clips w Tails, satin, purple/fuschia/lilac",Hair Accessories,Clips & Barrettes,125,,,,YES
302021,77125,"Stylin, Lrg Satin Bow Clips w Tails , matte, 2-asst: biege/cream, hc",Hair Accessories,Clips & Barrettes,125,,,,YES
302021,77129,"Stylin, Small Bow Clips w Tails, organza, 2-asst: biege/black, hc",Hair Accessories,Clips & Barrettes,125,,,,YES
302021,77132,"Stylin, Pink Iridescent Claw Clip, hc",Hair Accessories,Clips & Barrettes,125,,,,YES
302021,77134,"Stylin, Ombre Iridescent Claw Clip, hc",Hair Accessories,Clips & Barrettes,125,,,,YES
302021,77136,"Stylin, Large Purple Iridescent Claw  Clip, hc",Hair Accessories,Clips & Barrettes,125,,,,YES
302021,77144,"Stylin, 10-pc Neutral Clip Set, matte, hc",Hair Accessories,Clips & Barrettes,125,,,,YES
302021,77146,"Stylin, Matte Claw Clip, h/c",Hair Accessories,Clips & Barrettes,125,,,,YES
302021,77148,"Stylin, Tort Flower Claw Clip, h/c",Hair Accessories,Clips & Barrettes,125,,,,YES
302021,77149,"Stylin, Blk Marble, Claw Clip, h/c",Hair Accessories,Clips & Barrettes,125,,,,YES
302021,77153,"Stylin, 8-pc Neutral Clip Set, black, matte, hc",Hair Accessories,Clips & Barrettes,125,,,,YES
302021,77155,"Stylin, 9-pc Mini Claw Clips, hc",Hair Accessories,Clips & Barrettes,125,,,,YES
302021,77156,"Stylin, 3-pc Claw Clamp Clips, pbh",Hair Accessories,Clips & Barrettes,125,,,,YES
302021,77158,"Stylin, 60-pc Black Bobby Pins, h/c",Hair Accessories,Clips & Barrettes,125,,,,YES
302021,77162,"Stylin, 1-pc Claw Clip, 3asst, h/c",Hair Accessories,Clips & Barrettes,125,,,,YES
302021,77164,"Stylin, 2-pc Matte Claw Clip, med, hc",Hair Accessories,Clips & Barrettes,125,,,,YES
302021,77165,"Stylin, 4-pc Claw Clips, small , hc",Hair Accessories,Clips & Barrettes,125,,,,YES
302021,77171,"Stylin, 6pcs Snap Clips, neutrals, 2 asst, hc",Hair Accessories,Clips & Barrettes,125,,,,YES
302021,77192,"Stylin, 2-pc Pearl Snap Barrettes, hc",Hair Accessories,Clips & Barrettes,125,,,,YES
302021,77193,"Stylin, Small Neon Claw Clip,3-asst , hc",Hair Accessories,Clips & Barrettes,125,,,,YES
302021,77196,"Stylin, 14cm Black Claw Clip, solid gloss black, h/c",Hair Accessories,Clips & Barrettes,125,,,,YES
302021,77198,"Stylin, Pearl Claw Clip, hc",Hair Accessories,Clips & Barrettes,125,,,,YES
302021,77202,"Stylin, 4p small claw clip header card",Hair Accessories,Clips & Barrettes,125,,,,YES
302021,77203,"Stylin, 10p Snap Barrette header card",Hair Accessories,Clips & Barrettes,125,,,,YES
302021,77204,"Stylin, 2p Butterfly clawclip header card",Hair Accessories,Clips & Barrettes,125,,,,YES
302021,77206,"Stylin, 12cm Clear Iridescent Claw Clip, h/c",Hair Accessories,Clips & Barrettes,125,,,,YES
302021,77207,"Stylin, 3p small Claw clip 2 asst, header card",Hair Accessories,Clips & Barrettes,125,,,,YES
302021,77208,"Stylin, 15cm Claw Clip, 2-asst colors, solid gloss black and clear tort, h/c",Hair Accessories,Clips & Barrettes,125,,,,YES
302021,77211,"Stylin, 6p Mini Claw Clip ,header card",Hair Accessories,Clips & Barrettes,125,,,,YES
302021,77215,"Stylin, 9cm Black Double-Layer Claw Clip, solid gloss black, h/c",Hair Accessories,Clips & Barrettes,125,,,,YES
302021,77218,"Stylin, 2-pc Cat Claw Clip, solid gloss black and clear tort, h/c",Hair Accessories,Clips & Barrettes,125,,,,YES
302021,77219,"Stylin, 2-pc Curved Matte Claw Clip, 3-asst styles, h/c",Hair Accessories,Clips & Barrettes,125,,,,YES
302021,77220,"Stylin, 6p Hair Combs 7.5cm,  2 asst, header card",Hair Accessories,Clips & Barrettes,125,,,,YES
302021,77221,"Stylin, Curved Matte Claw Clip, 2-asst colors, h/c",Hair Accessories,Clips & Barrettes,125,,,,YES
302021,77223,"Stylin, White Leopard Print Claw Clip, h/c",Hair Accessories,Clips & Barrettes,125,,,,YES
302021,77225,"Stylin, 40-pc Bobby Pins, 3 col.",Hair Accessories,Clips & Barrettes,125,,,,YES
302021,77226,"Stylin, 4-pc Jumbo Glitter Snaps Epoxy, black., h/c",Hair Accessories,Clips & Barrettes,125,,,,YES
302021,77227,"Stylin, Matte Hair Clip, 3 asst, hc",Hair Accessories,Clips & Barrettes,125,,,,YES
302021,77231,"Stylin, Hair Clip, 2 asst, hc",Hair Accessories,Clips & Barrettes,125,,,,YES
302021,77245,"Bodico, 2-pc Gold Clips, 8.5cm, hc",Hair Accessories,Clips & Barrettes,125,,,,YES
302021,77248,"Stylin 3-pc Auto Barrettes, h/c, 2 asst: matte blk/shiny blk",Hair Accessories,Clips & Barrettes,125,,,,YES
302021,77257,"Stylin 50-pc 5cm Bobby Pins  3 col., h/c",Hair Accessories,Clips & Barrettes,125,,,,YES
302021,77259,"Stylin, Flower Clear Claw Clip, 2-asst, h/c",Hair Accessories,Clips & Barrettes,125,,,,YES
302021,77264,"Stylin 18-pc Value Pack 4 Barr., 8 Ph 6 Bob Pins, 2 col., h/c",Hair Accessories,Clips & Barrettes,125,,,,YES
302021,77299,"Stylin, 48p Bobby Pin black, Variety Pack, header card",Hair Accessories,Clips & Barrettes,125,,,,YES
302021,77304,"Stylin, 4p Fashion Pin/Clip Set 2 asst, header card",Hair Accessories,Clips & Barrettes,125,,,,YES
302021,77317,"Stylin, 14p Black Snap Barrettes header card",Hair Accessories,Clips & Barrettes,125,,,,YES
302021,77318,"Stylin, 100p Black Bobby Pins header card",Hair Accessories,Clips & Barrettes,125,,,,YES
302021,77353,"Stylin, Snap&Barrette Ponyholders 18p, black, header card",Hair Accessories,Clips & Barrettes,125,,,,YES
302021,77354,"Stylin, 3p Auto Barrette header card",Hair Accessories,Clips & Barrettes,125,,,,YES
302021,77383,Stylin Transparent Claw Clips header card,Hair Accessories,Clips & Barrettes,125,,,,YES
302021,77385,Stylin Matte rect Claw Clips header card,Hair Accessories,Clips & Barrettes,125,,,,YES
302021,77387,Stylin Matte Claw Clips header card,Hair Accessories,Clips & Barrettes,125,,,,YES
302021,77389,Stylin Matte butterfly ClawClip header card,Hair Accessories,Clips & Barrettes,125,,,,YES
302021,77390,Stylin Frosted Claw Clips header card,Hair Accessories,Clips & Barrettes,125,,,,YES
302021,77391,Stylin Frosted rect Claw Clips header card,Hair Accessories,Clips & Barrettes,125,,,,YES
302021,77404,"Stylin, 2-pc Glitter Acrylic Clips 2-asst: Hearts & Butterfly, hc",Hair Accessories,Clips & Barrettes,125,,,,YES
302021,77405,"Stylin, Minimal Claw Clips w/ Flocking 2-asst, hc",Hair Accessories,Clips & Barrettes,125,,,,YES
302021,77406,"Stylin, Dentless Claw Clips 2-asst, hc",Hair Accessories,Clips & Barrettes,125,,,,YES
302021,77407,"Stylin, Dentless Claw Clips Surf checker, 2 asst, hc",Hair Accessories,Clips & Barrettes,125,,,,YES
302021,77414,"Stylin, 2-pc Geo Claw Clips hc",Hair Accessories,Clips & Barrettes,125,,,,YES
302021,78386,"Fab, Ombre Hair Extension ,w clip, 4-asst, pbh",Hair Accessories,Clips & Barrettes,125,,,,YES
302021,78387,"Fab, Tinsel Hair Extension ,w clip, 4 asst, pbh",Hair Accessories,Clips & Barrettes,125,,,,YES
302021,82202,"Bodico 80-pc Salon Bobby Pins, black only, b/c",Hair Accessories,Clips & Barrettes,125,,,,YES
302021,82809,"Bodico 96-pc Bobby Pins, Black, 1.75"" & 2.5"" @ 48 pcs. on card(HZ)",Hair Accessories,Clips & Barrettes,125,,,,YES
302021,76034,"Stylin, Rainbow Headband w Knot, hc",Hair Accessories,Headwraps & Headbands,125,,,,YES
302021,76090,"Stylin G, Plush Headband, 3 asst, hc",Hair Accessories,Headwraps & Headbands,125,,,,YES
302021,76130,"Stylin G, 3p Wide Covered Headband header card",Hair Accessories,Headwraps & Headbands,125,,,,YES
302021,76157,"Stylin G, 2p Opaque Headband header card",Hair Accessories,Headwraps & Headbands,125,,,,YES
302021,76160,"Stylin G, Unicorn Headband header card",Hair Accessories,Headwraps & Headbands,125,,,,YES
302021,76540,"Stylin Girls,Flower Headband, 2asst h/c",Hair Accessories,Headwraps & Headbands,125,,,,YES
302021,77066,"Stylin, 3-PC Heawraps, grey/blkx2 h/c",Hair Accessories,Headwraps & Headbands,125,,,,YES
302021,77072,"Stylin,2-PC Wide Heathered Headwrap h/c",Hair Accessories,Headwraps & Headbands,125,,,,YES
302021,77076,"Stylin, 5-PC Stretch Headwrap 2asst, h/c",Hair Accessories,Headwraps & Headbands,125,,,,YES
302021,77139,"Stylin, 3-pc Thin Matte Headband, black, hc",Hair Accessories,Headwraps & Headbands,125,,,,YES
302021,77141,"Stylin, Matte Headband, 2-asst: blk/taupe, hc",Hair Accessories,Headwraps & Headbands,125,,,,YES
302021,77172,"Stylin, 2pcs Headbands, wave, black & tort, hc",Hair Accessories,Headwraps & Headbands,125,,,,YES
302021,77173,"Styin, 3pcs Headband, smooth, black only, hc",Hair Accessories,Headwraps & Headbands,125,,,,YES
302021,77175,"Stylin, 2pcs Headband, circles, black & tort, hc",Hair Accessories,Headwraps & Headbands,125,,,,YES
302021,77176,"Stylin, 2pcs Headband, comb, black & tort, hc",Hair Accessories,Headwraps & Headbands,125,,,,YES
302021,77186,"Stylin, Extra Wide Headwrap, 2-asst, hc",Hair Accessories,Headwraps & Headbands,125,,,,YES
302021,77190,"Stylin G,3-pc Satin Headband,2-asst , 0.7cm width, hc",Hair Accessories,Headwraps & Headbands,125,,,,YES
302021,77229,"Stylin, 3p Thin Headband 2 asst, header card",Hair Accessories,Headwraps & Headbands,125,,,,YES
302021,77355,"Stylin, 6p Black Headwraps ,clasp free,header card",Hair Accessories,Headwraps & Headbands,125,,,,YES
302021,77379,"Stylin G, Thick Wave Headband header card",Hair Accessories,Headwraps & Headbands,125,,,,YES
302021,77380,"Stylin G, Braided Headband header card",Hair Accessories,Headwraps & Headbands,125,,,,YES
302021,77381,"Stylin G, Twist Headband header card",Hair Accessories,Headwraps & Headbands,125,,,,YES
302021,74178,"Stylin, 20-pc Jewel Col. Ponyholder h/c",Hair Accessories,Ponytail Holders,125,,,,YES
302021,76011,"Stylin G, 6-pc Flower Ponyholder , hc",Hair Accessories,Ponytail Holders,125,,,,YES
302021,76012,"Stylin G, 6-pc Butterfly Ponyholder , hc",Hair Accessories,Ponytail Holders,125,,,,YES
302021,76021,"Stylin G, 6-pc Bow Ponyholder , hc,",Hair Accessories,Ponytail Holders,125,,,,YES
302021,76023,"Stylin Girls, 10pcs ponyholders,h/c clasp-free",Hair Accessories,Ponytail Holders,125,,,,YES
302021,76040,"Stylin G, 3-pc Tulle w Strawberry Ponyholders, hc",Hair Accessories,Ponytail Holders,125,,,,YES
302021,76046,"Stylin G, 24-PC Brights Ponyholders clasp free, h/c",Hair Accessories,Ponytail Holders,125,,,,YES
302021,76047,"StylinG,24-PC Jewel Col Ponyholders clasp free, h/c",Hair Accessories,Ponytail Holders,125,,,,YES
302021,76048,"Stylin G, 18-PC Ribbed Twisted Ponyholders, clasp free, 2asst, h/c",Hair Accessories,Ponytail Holders,125,,,,YES
302021,76050,"Stylin G, 50-pc Knit Ponyholders, clasp-free, 2 asst, hc",Hair Accessories,Ponytail Holders,125,,,,YES
302021,76056,"Stylin G, Scrunchie, multi col, h/c",Hair Accessories,Ponytail Holders,125,,,,YES
302021,76079,"Stylin G. 10-pc Terry Ponyholders, hc",Hair Accessories,Ponytail Holders,125,,,,YES
302021,76080,"Stylin G. 4-pc Braided Ponyholders, hc",Hair Accessories,Ponytail Holders,125,,,,YES
302021,76081,"Stylin G, 300-PC mini ponyholders 2asst, b/c",Hair Accessories,Ponytail Holders,125,,,,YES
302021,76087,"Stylin G, 2-pc Loopy Hair Ponyholders, hc",Hair Accessories,Ponytail Holders,125,,,,YES
302021,76091,"Stylin, 3pc Scrunchie (silver/2x blk), hc",Hair Accessories,Ponytail Holders,125,,,,YES
302021,76092,"Stylin, 3pc Scrunchie (gry/red/charcoal), hc",Hair Accessories,Ponytail Holders,125,,,,YES
302021,76095,"Stylin, 3pc Scrunchie, hc (pinks)",Hair Accessories,Ponytail Holders,125,,,,YES
302021,76097,"Stylin, 2pc Scrunchie, 2 asst hc (olive/print & olive print/blk)",Hair Accessories,Ponytail Holders,125,,,,YES
302021,76099,"Stylin G. 30-pc Mylar Polyholders, clasp free, hc",Hair Accessories,Ponytail Holders,125,,,,YES
302021,76100,"Stylin G. 20-pc Pink Polyholders, clasp free, hc",Hair Accessories,Ponytail Holders,125,,,,YES
302021,76105,"Stylin G, 12pcs Rainbow Ponyholders w Bows, hc",Hair Accessories,Ponytail Holders,125,,,,YES
302021,76107,"Stylin G. 2-pc Clip w 10 Ponyholders, clasp-free, hc",Hair Accessories,Ponytail Holders,125,,,,YES
302021,76109,"Stylin G, 5p Cherry T.Ponyholders header card",Hair Accessories,Ponytail Holders,125,,,,YES
302021,76111,"Stylin G, 5p Opaque Twin Bead Ponyholders, header card",Hair Accessories,Ponytail Holders,125,,,,YES
302021,76112,"Stylin G, 12-pc Knit Ponyholders w Bow, h/c",Hair Accessories,Ponytail Holders,125,,,,YES
302021,76113,"Stylin G, 720-pc Mini Ponyholders, header card",Hair Accessories,Ponytail Holders,125,,,,YES
302021,76115,"Stylin, 8-pc Pastel Ponyholders w Bow, h/c",Hair Accessories,Ponytail Holders,125,,,,YES
302021,76117,"Styling G, 8-pc Terry Ponyholder 4 w tie-dye, clasp-free, 2 asst, hc",Hair Accessories,Ponytail Holders,125,,,,YES
302021,76124,"Stylin G, 10-pc Ponyholder 4 w tie-dye, clasp-free, hc",Hair Accessories,Ponytail Holders,125,,,,YES
302021,76126,"Styling G, 24-pc Ponyholders clasp-free, hc",Hair Accessories,Ponytail Holders,125,,,,YES
302021,76137,"Stylin G, 350p Rubber Ponyholders Mixed Size, 2 asst, hc",Hair Accessories,Ponytail Holders,125,,,,YES
302021,76145,"Stylin G, 24p Two Tone Ponyholders clasp free",Hair Accessories,Ponytail Holders,125,,,,YES
302021,76149,"Kids 20-pc Ponyholders w/Mylar,  Clasp Free, 2 styles",Hair Accessories,Ponytail Holders,125,,,,YES
302021,76155,"Stylin G, 20p clasp free Ponyholder Magenta&Pink, hc",Hair Accessories,Ponytail Holders,125,,,,YES
302021,76164,"Stylin G, 4-PC Ombre Coil Ponyholders, Clasp-Free, h/c",Hair Accessories,Ponytail Holders,125,,,,YES
302021,76169,"Stylin G, 3pcs Scrunchie, 2 asst, h/c",Hair Accessories,Ponytail Holders,125,,,,YES
302021,76170,"Stylin G, 4pcs Ponyholders 2 asst, h/c",Hair Accessories,Ponytail Holders,125,,,,YES
302021,76171,"StylinG 24-pc Solid Col. Knitted Mini Ponyholders, hc",Hair Accessories,Ponytail Holders,125,,,,YES
302021,76173,"StylinG 12-pc Stripe Knitted Ponyholders, hc",Hair Accessories,Ponytail Holders,125,,,,YES
302021,76270,"Stylin G,25-pc Ponyholder ClaspFree  2 styles, h/c",Hair Accessories,Ponytail Holders,125,,,,YES
302021,76299,"Stylin G, 200-pc Terry Ponyholders,  2 col., header card",Hair Accessories,Ponytail Holders,125,,,,YES
302021,76307,"Stylin G,1000-pc Latex Ponyholders,  2 col., b/c",Hair Accessories,Ponytail Holders,125,,,,YES
302021,76322,"Stylin G,1000-pc Latex Ponyholders, Neon Colour, b/c",Hair Accessories,Ponytail Holders,125,,,,YES
302021,76380,"Stylin, 1000-pc Latex Pony Holders, 2 asst. col, black & clear, b/c",Hair Accessories,Ponytail Holders,125,,,,YES
302021,76426,StylinG 12-pc Neon Pony holders h/c,Hair Accessories,Ponytail Holders,125,,,,YES
302021,76501,"Stylin 3-pc Ponyholders,h/c 2 asst: all black/ 2 black & 1white",Hair Accessories,Ponytail Holders,125,,,,YES
302021,77029,"Stylin, 4-PC Ponyholders, 2asst h/c",Hair Accessories,Ponytail Holders,125,,,,YES
302021,77030,"Stylin, 4-PC Ponyholders, black h/c",Hair Accessories,Ponytail Holders,125,,,,YES
302021,77059,"Stylin,500-PC Rubberband Ponyholder black, h/c",Hair Accessories,Ponytail Holders,125,,,,YES
302021,77060,"Stylin,20-PC Basic Black Ponyholder clasp free, h/c",Hair Accessories,Ponytail Holders,125,,,,YES
302021,77062,"Stylin, 24-PC Black Ponyholders clasp free, h/c",Hair Accessories,Ponytail Holders,125,,,,YES
302021,77065,"Stylin, 20-PC Twisted Ponyholders Neutrals, Clasp free, h/c",Hair Accessories,Ponytail Holders,125,,,,YES
302021,77067,"Stylin 30PC Skinny Black Ponyholder clasp free, h/c",Hair Accessories,Ponytail Holders,125,,,,YES
302021,77074,"Stylin, 15-PC Woolen Ponyholders h/c",Hair Accessories,Ponytail Holders,125,,,,YES
302021,77077,"Stylin, 18-PC Thick Ponyholders clasp free,2-tone texture,2asst,h/c",Hair Accessories,Ponytail Holders,125,,,,YES
302021,77079,"Stylin 3-pc Scrunchie, 3 col. random asst.  per inner",Hair Accessories,Ponytail Holders,125,,,,YES
302021,77091,"Stylin, 18-PC Thick Ponyholders clasp free,2-tone texture,2asst,h/c",Hair Accessories,Ponytail Holders,125,,,,YES
302021,77096,"Stylin, 4-pc Knit Ponyholders , hc",Hair Accessories,Ponytail Holders,125,,,,YES
302021,77097,"Stylin 200-pc Elastic Ponyholder, Rubber, 2 col.,clam pack",Hair Accessories,Ponytail Holders,125,,,,YES
302021,77098,"Stylin, Knit Scrunchie , 3 asst, hc",Hair Accessories,Ponytail Holders,125,,,,YES
302021,77102,"Stylin, Lepard Print Pony Holder h/c",Hair Accessories,Ponytail Holders,125,,,,YES
302021,77104,"Stylin 10-pc Ponyholders,  Clasp-free",Hair Accessories,Ponytail Holders,125,,,,YES
302021,77123,"Stylin, 8pcs Black/navy ponyholders clasp-free",Hair Accessories,Ponytail Holders,125,,,,YES
302021,77143,"Stylin,10-pc Terry Ponyholders,2 Asst., blk/brown,h/c",Hair Accessories,Ponytail Holders,125,,,,YES
302021,77166,"Stylin, 10-pc Ponyholder, knit , solid black, hc",Hair Accessories,Ponytail Holders,125,,,,YES
302021,77167,"Stylin, 50-pc Neutral Ponyholders, knit, hc",Hair Accessories,Ponytail Holders,125,,,,YES
302021,77169,"Stylin, 50-pc Black Ponyholders, hc",Hair Accessories,Ponytail Holders,125,,,,YES
302021,77180,"Stylin, 3-pc Ponyholders, 2-asst, hc",Hair Accessories,Ponytail Holders,125,,,,YES
302021,77187,"Stylin 6-pc Thick Ribbed Ponyholder, neutrals, hc",Hair Accessories,Ponytail Holders,125,,,,YES
302021,77188,"Stylin 6-pc Thick Ribbed Ponyholder, greys, hc",Hair Accessories,Ponytail Holders,125,,,,YES
302021,77201,"Stylin, 3-pc Hair Coils, 2 asst header card",Hair Accessories,Ponytail Holders,125,,,,YES
302021,77236,"Stylin, Gold Cuff Ponyholder, hc",Hair Accessories,Ponytail Holders,125,,,,YES
302021,77237,"Stylin, Gold Knot Cuff Ponyholder, hc",Hair Accessories,Ponytail Holders,125,,,,YES
302021,77238,"Stylin, Gold Bow Ponyholder, hc",Hair Accessories,Ponytail Holders,125,,,,YES
302021,77258,"Stylin, 12-pc Knit Ponyholders w Bow, black, h/c",Hair Accessories,Ponytail Holders,125,,,,YES
302021,77261,"Stylin, 3-pc Warm Ribbed Scrunchies, hc",Hair Accessories,Ponytail Holders,125,,,,YES
302021,77263,"Stylin, 30-pc Ponyholders, 2-asst, hc",Hair Accessories,Ponytail Holders,125,,,,YES
302021,77265,"Stylin, 30-pc Black Ponyholders, hc",Hair Accessories,Ponytail Holders,125,,,,YES
302021,77368,"Stylin, 34p Ponyholders soid blk & heathered, header card",Hair Accessories,Ponytail Holders,125,,,,YES
302021,77369,"Stylin, 18p Ponyholders 2 asst, clasp free, hc",Hair Accessories,Ponytail Holders,125,,,,YES
302021,77370,"Stylin, 18p Biege&Blush Ponyholders clasp free, hc",Hair Accessories,Ponytail Holders,125,,,,YES
302021,77372,"Stylin, 18p Ponyholders, clasp free Biege & Brown,header card",Hair Accessories,Ponytail Holders,125,,,,YES
302021,77373,"Stylin, 18p Ponyholders blk & gry variety,header card",Hair Accessories,Ponytail Holders,125,,,,YES
302021,77374,"Stylin, 18p Textured Ponyholders Variety,clasp free, hc",Hair Accessories,Ponytail Holders,125,,,,YES
302021,77777,"Stylin, 14-pc Ponyholders, Clasp free, all black, h/c",Hair Accessories,Ponytail Holders,125,,,,YES
302021,77825,"Stylin, 4-PC Coil Hair Ties Clasp-Free, 2asst,h/c",Hair Accessories,Ponytail Holders,125,,,,YES
302021,77826,"Stylin, 4-PC Small Coil Hair Ties Clasp-Free, 2asst, h/c",Hair Accessories,Ponytail Holders,125,,,,YES
302021,78087,"Bodico, Extra Large Scrunchie, black, hc",Hair Accessories,Ponytail Holders,125,,,,YES
302021,78088,"Bodico, Extra Large Scrunchie, taupe, hc",Hair Accessories,Ponytail Holders,125,,,,YES
302021,78089,"Bodico, Extra Large Scrunchie, biege, hc",Hair Accessories,Ponytail Holders,125,,,,YES
302021,77150,"Bodico, 2-pc Hair Weaver, b/c 3 asst col: black, purple & fuschia",Hair Accessories,Rollers & Curlers,125,,,,YES
302021,77741,"Fab Design Hair Doughnut, 2 col. 8 blk/4 brunette, t.o.c",Hair Accessories,Rollers & Curlers,125,,,,YES
302021,78170,"Bodico, 3pcs Hair Roller Clip 2.5cm (dia), blister card",Hair Accessories,Rollers & Curlers,125,,,,YES
302021,78250,"Bodico, 6pc Large Bendy Foam Roller , purple, pbh",Hair Accessories,Rollers & Curlers,125,,,,YES
302021,82359,"Bodico 5-pc 2cm Dx 6 cm Hair Roller Pink, pbh(HZ)",Hair Accessories,Rollers & Curlers,125,,,,YES
302021,82360,"Bodico 5-pc 2.5cm Dx6cm Hair Roller Green,  pbh(HZ)",Hair Accessories,Rollers & Curlers,125,,,,YES
302021,82361,"Bodico 4-pc 3.5cm Dx6cm Hair Roller , pbh(HZ)",Hair Accessories,Rollers & Curlers,125,,,,YES
302021,82362,Bodico 3-pc 4cm D x 6cm Hair Roller pbh(HZ),Hair Accessories,Rollers & Curlers,125,,,,YES
302021,73178,"H.E.M.P. 20-PC Cable Ties Neon Green,  5.4mmx12""",Hardware,Fasteners,125,,,,YES
302021,74205,"SOX, Ladies Stripe Knee Length Sock 2 col, 1pair/hc, 95poly/5spandex",Clothing & Accessories,Socks,129,,,,YES
302021,74630,"SOX, Women's Low-Cut Socks, Black, one size (4-10), h/c, 95poly/5span",Clothing & Accessories,Socks,129,,,,YES
302021,74806,"Sox, Ladies Flower Socks, black, hc",Clothing & Accessories,Socks,129,,,,YES
302021,74982,"SOX, Knitted Reading/House Socks, Maroon,paper wrap",Clothing & Accessories,Socks,129,,,,YES
302021,78015,"Sox, Boys Stripe Socks, Crew, size 6-8, cotton/poly/span,",Clothing & Accessories,Socks,129,,,,YES
302021,78016,"Sox, Boys Col Block Socks, Crew, size 6-8, cotton/poly/span,",Clothing & Accessories,Socks,129,,,,YES
302021,78019,"Sox, Bunny Fleece Socks, crew Length, poly/span, pink stripe, hc",Clothing & Accessories,Socks,129,,,,YES
302021,78065,"Sox, Ladies Fashion Bright Socks, ankle length, cott/poly/span,  hc",Clothing & Accessories,Socks,129,,,,YES
302021,78068,"Sox, Ladies Fox Socks, 2 asst, cott/poly/span, hc",Clothing & Accessories,Socks,129,,,,YES
302021,78072,"Sox, Men's Stripe, Crew, 3 asst, cott/poly/span, hc",Clothing & Accessories,Socks,129,,,,YES
302021,78073,"Sox, Men's Stripe Socks ,Crew, cott/poly/span, 2 asst, hc",Clothing & Accessories,Socks,129,,,,YES
302021,78074,"Sox, Men's Solid Socks, 3 asst, Crew, cott/poly/span, hc",Clothing & Accessories,Socks,129,,,,YES
302021,78075,"Sox, Mens' Heathered Socks, Crew, poly/span, 2 asst, hc",Clothing & Accessories,Socks,129,,,,YES
302021,78076,"Sox, Men's Marl Socks, Crew, 2 asst, cott/poly/span, hc",Clothing & Accessories,Socks,129,,,,YES
302021,78077,"Sox, Men's Marl with Contrast Toe, Crew, 2 asst, cotton/poly/span, hc",Clothing & Accessories,Socks,129,,,,YES
302021,78117,"Sox, Girl 9-3.5 flamingobunny socks 2 asst, cottn/poly/span, hc",Clothing & Accessories,Socks,129,,,,YES
302021,78455,"SOX, Men's Socks, Toy Soldiers ,cotton/polyester/spandex, hc",Clothing & Accessories,Socks,129,,,,YES
302021,78456,"SOX, Men's Socks, Shark Bite! ,cotton/polyester/spandex, hc",Clothing & Accessories,Socks,129,,,,YES
302021,78457,"SOX, Men's Socks, Pac Man ,cotton/polyester/spandex, hc",Clothing & Accessories,Socks,129,,,,YES
302021,78458,"SOX, Men's Socks, Pow Bam Zap ,cotton/polyester/spandex, hc",Clothing & Accessories,Socks,129,,,,YES
302021,78459,"SOX, Men's Socks, Dino-Mite ,cotton/polyester/spandex, hc",Clothing & Accessories,Socks,129,,,,YES
302021,78460,"SOX, Men's Socks, Pepperoni Pizza ,cotton/polyester/spandex, hc",Clothing & Accessories,Socks,129,,,,YES
302021,78462,"SOX, Men's Socks, Formula Flex ,cotton/polyester/spandex, hc",Clothing & Accessories,Socks,129,,,,YES
302021,78463,"SOX, Men's Socks, Bacon 'n' Yokes ,cotton/polyester/spandex, hc",Clothing & Accessories,Socks,129,,,,YES
302021,78464,"SOX, Men's Socks, Cosmic Cruisers ,cotton/polyester/spandex, hc",Clothing & Accessories,Socks,129,,,,YES
302021,78465,"SOX, Men's Socks, Bananarama ,cotton/polyester/spandex, hc",Clothing & Accessories,Socks,129,,,,YES
302021,78466,"SOX, Men's Socks, Aliens & Space ,cotton/polyester/spandex, hc",Clothing & Accessories,Socks,129,,,,YES
302021,84901,"SOX Men's Dress Socks, 3 asst, header",Clothing & Accessories,Socks,129,,,,YES
302021,26624,"Bodico 19"" Back Scratcher, hang tag(HZ)",Personal Care,Massagers,129,,,,YES
302021,74031,Bodico Deep Tissue Body Massager PVC printed box,Personal Care,Massagers,129,,,,YES
302021,74075,"Bodico Neck Massager, 3 col: turq./ magenta/mint green, pvc wrap(HZ)",Personal Care,Massagers,129,,,,YES
302021,74169,"Bodico, Body Massager, 24pcs/pdq, 3 col: mint, purple, turquoise(HZ)",Personal Care,Massagers,129,,,,YES
302021,74256,"Bodico,17.5"" Back Scratcher, 24/pdq 4 asst colours, hanging tag(HZ)",Personal Care,Massagers,129,,,,YES
302021,74584,"Bodico, Extendable Back Scratcher 10""-25"", 24pcs/PDQ w/tray(HZ)",Personal Care,Massagers,129,,,,YES
302021,74798,"Bodico, Head Massager & Detangler 3asst, ombre, 12/pdq, ht",Personal Care,Massagers,129,,,,YES
302021,78192,"Bodico, Obsidian Gua Sha Massager 10*7cm, dbl blister",Personal Care,Massagers,129,,,,YES
302021,82025,"Bodico Scalp & Head Massager, 9.5"", 12/dsp, pvc box w/insert(HZ)",Personal Care,Massagers,129,,,,YES
302021,82028,"Extendable Back Scratcher, 24/dsp, t.o.c",Personal Care,Massagers,129,,,,YES
302021,78151,"Bodico, Coin Pouch ,black, j-hook w hang tag",Clothing & Accessories,Bags & Wallets,130,,,,YES
302021,78566,"Bodico, Coin Pouch, 3 asst, 12*10cm, card, PU",Clothing & Accessories,Bags & Wallets,130,,,,YES
302021,06311,"Fashion Accessory Scarf, 12 styles,  tag",Clothing & Accessories,"Scarves, Hats & Caps",130,,,,YES
302021,82403,"FAB Spandex Cool Cap, 2 Col., pbh",Clothing & Accessories,"Scarves, Hats & Caps",130,,,,YES
302021,82069,"Bodico 1-pc Wave Net, 2 col., b/c (HZ)",Hair Accessories,Hair Colouring & Acc.,130,,,,YES
302021,82199,"Bodico 3-pc Invisible Hair Net, 16-black, 8-brunette, b/c",Hair Accessories,Hair Colouring & Acc.,130,,,,YES
302021,74412,"Bodico Fit, Static Arm Wallet, 1-design (Black/White), h/c",Personal Care,Health & Wellness,130,,,,YES
302021,74493,"Bodico Fit ,Adjustable Jump Rope, 3col, Tie Card",Personal Care,Health & Wellness,130,,,,YES
302021,74817,"Bodico Fit, Waistpack, 2 asst, 10.5x22cm, tie card",Personal Care,Health & Wellness,130,,,,YES
302021,74820,"Bodico F, 0.5lb Weighted Jump Rope, 9ft, foam handles, window box",Personal Care,Health & Wellness,130,,,,YES
302021,78037,"Bodico Fit, 2-pc, Fitness Core Sliders, col box",Personal Care,Health & Wellness,130,,,,YES
302021,78119,"Bodico Fit, Press Up Bars, col box",Personal Care,Health & Wellness,130,,,,YES
302021,78190,"Bodico Fit, 5lbs Sand Ball dia14.5cm, PVC+Sand, Col Box",Personal Care,Health & Wellness,130,,,,YES
302021,78299,"Bodico Fit, Exercise Gloves ,black, 14.5cm, hc,",Personal Care,Health & Wellness,130,,,,YES
302021,78306,"Bodico Fit, Mini Resistance Bands 3pk, TPE, col window box",Personal Care,Health & Wellness,130,,,,YES
302021,78307,"Bodico Fit, Hand Grip w Counter, adjustable tension, backcard",Personal Care,Health & Wellness,130,,,,YES
302021,78310,"Bodico Fit, 4lbs Weighted Vest black, 40x50cm, col box",Personal Care,Health & Wellness,130,,,,YES
302021,78392,"Bodico Fit, 2-pc Hand Grip ,tie on card, black handle",Personal Care,Health & Wellness,130,,,,YES
302021,78393,"Bodico Fit, Slimming Belt ,11x5cm, col box",Personal Care,Health & Wellness,130,,,,YES
302021,78524,"Bodico Fit, 2-pc Wristband,8x8cm, opp bag w header, 3-asst (Black/white/grey)",Personal Care,Health & Wellness,130,,,,YES
302021,78525,"Bodico Fit, Headband, 5x20cm, opp bag w header, 3-asst (Black/white/grey)",Personal Care,Health & Wellness,130,,,,YES
302021,74319,"Bodico Panty Liner w/o Wings, 30pc/ bag, ind-wrapped, 15.5x6.8cm",Personal Care,Hygiene,130,,,,YES
302021,74320,"Bodico Ultra Thin Pads, WINGLESS, 12pcs/bag, ind-wrapped, 23x10.5cm",Personal Care,Hygiene,130,,,,YES
302021,74321,"Bodico Ultra Thin Pads w Wings, 12pc/bag, ind-wrapped, 24.5x15.5cm",Personal Care,Hygiene,130,,,,YES
302021,74322,"Bodico Ultra Thin Overnight Pads w/ Wings, 10pcs/bag, ind-wrapped",Personal Care,Hygiene,130,,,,YES
302021,74323,"Bodico Pads w Wings & Leakguard, 12pcs/bag, ind-wrapped",Personal Care,Hygiene,130,,,,YES
302021,74324,"Bodico Overnight Pads w Wings & Leakguard, 10/bag, ind-wrapped",Personal Care,Hygiene,130,,,,YES
302021,81500,"Sewing E. 2-pc 3"" Metal Safety Pins Heavy Duty, b/c",Clothing & Accessories,Sewing Accessories,131,,,,YES
302021,81502,"Sewing E. Portable Jeans Sewing Kit ,40-pc in a clear case,",Clothing & Accessories,Sewing Accessories,131,,,,YES
302021,81507,"Sewing E. 50-pc Sewing Thread Set,  b/c",Clothing & Accessories,Sewing Accessories,131,,,,YES
302021,81508,"Sewing E. Travel Sewing Kit,  Pl. Case w/ hang card",Clothing & Accessories,Sewing Accessories,131,,,,YES
302021,81511,"Sewing E.10"" Large Sewing Scissors b/c",Clothing & Accessories,Sewing Accessories,131,,,,YES
302021,81513,"Sewing E.50-pc Sewing Needle Set,  Asst. Sizes, w/Threader, back card",Clothing & Accessories,Sewing Accessories,131,,,,YES
302021,81515,"Sewing E. 2-pc Tape Measure & RetractableTape Measure Set,b/c",Clothing & Accessories,Sewing Accessories,131,,,,YES
302021,81516,"Sewing E. 18-pc Repair Needles Set,  Household, back card",Clothing & Accessories,Sewing Accessories,131,,,,YES
302021,81517,"Sewing E. 40 Pearlized Pins & Pin  Cushion Set, b/c",Clothing & Accessories,Sewing Accessories,131,,,,YES
302021,81519,"Sewing E. 300-pc Straight Pins  with Storage Case, b/c",Clothing & Accessories,Sewing Accessories,131,,,,YES
302021,81520,"Sewing E. 3 pc Sewing Thread, b/c,  150yds(137m) 2 asst. White & black",Clothing & Accessories,Sewing Accessories,131,,,,YES
302021,81521,"Sewing E1/4""x10' (6mmx3m) Elastic, b/c",Clothing & Accessories,Sewing Accessories,131,,,,YES
302021,81522,"Sewing E. 1-1/4""x3' Elastic,  (32mmx0.9m),  b/c",Clothing & Accessories,Sewing Accessories,131,,,,YES
302021,81523,"Sewing E. 2cm x 10m Hemming Tape,  Iron-on, b/c",Clothing & Accessories,Sewing Accessories,131,,,,YES
302021,81524,"Sewing Essentials 2-pc Elastic Set,  25mm x 2m & 12mm x 2m,  b/c",Clothing & Accessories,Sewing Accessories,131,,,,YES
302021,81527,"Sewing E. 1-pc Stitch Ripper, 2 Asst. Col. b/c",Clothing & Accessories,Sewing Accessories,131,,,,YES
302021,81666,"Sewing Essentials, 3-PC Removable Bra Extender, 50mm, 3 rows x 3 hooks, b/c",Clothing & Accessories,Sewing Accessories,131,,,,YES
302021,81668,"Sewing Essentials, Magnetic Pin Holder, b/c",Clothing & Accessories,Sewing Accessories,131,,,,YES
302021,83293,Sewing E. 80-pc Metal Safety Pins Clear b/c,Clothing & Accessories,Sewing Accessories,131,,,,YES
302021,83553,"Sewing E. Sewing Kit in Pl. Case,  b/c",Clothing & Accessories,Sewing Accessories,131,,,,YES
302021,82177,"SEWING E, 3-PC Soft Back Bra Extender, b/c",Clothing & Accessories,Sleepwear & underwear,131,,,,YES
302021,82183,"Fab, 2-pc Easi-on Mock Camisole,  3 asst., window envelop, 24/dsp",Clothing & Accessories,Sleepwear & underwear,131,,,,YES
302021,82810,"Bodico, Seamless Nipple Cover Self- Adhesive & Reusable, 2col, 12/pdq",Clothing & Accessories,Sleepwear & underwear,131,,,,YES
302021,82885,"Bodico  2-pc Silicone Nipple Cover,  window box w/header, acetate tray",Clothing & Accessories,Sleepwear & underwear,131,,,,YES
302021,74783,"Bodico, Men's Basic Slipper 2 asst, hc, 3 sizes: 2-S/6-M/4-L",Clothing & Accessories,Slippers,133,,,,YES
302021,82372,"Bodico Spa Slippers, White, 3 Sizes (S-3 M-5 L-4), vbh.(HZ)",Clothing & Accessories,Slippers,133,,,,YES
302021,74171,"Bodico, Gel Heel Cushion, 2col Black,Nude,pvc bag(HZ)",Personal Care,Footcare,134,,,,YES
302021,74172,"Bodico, Gel Ball of Foot Cushion, 2 col: blk & nude, pvc bag(HZ)",Personal Care,Footcare,134,,,,YES
302021,74173,"Bodico, Gel Insoles, 2 col: blk & nude, opp w header(HZ)",Personal Care,Footcare,134,,,,YES
302021,74264,"Bodico, Women's Memory Foam Insoles , L:10.5"", printed poly bag(HZ)",Personal Care,Footcare,134,,,,YES
302021,74265,"Bodico, Men's Memory Foam Insoles, L:10.5"", printed poly bag(HZ)",Personal Care,Footcare,134,,,,YES
302021,74397,"Bodico, 9-pc Corn Foam Cushion, nude col, pvc bag(HZ)",Personal Care,Footcare,134,,,,YES
302021,74456,"Bodico, Insulating Thermal Insoles 30cm, Printed bag",Personal Care,Footcare,134,,,,YES
302021,78057,"Bodico, Women Leather Insole, polybag with card insert",Personal Care,Footcare,134,,,,YES
302021,78058,"Bodico, Men's Leather Insole, polybag with card insert",Personal Care,Footcare,134,,,,YES
302021,78059,"Bodico Gel insoles for Women, Polybag with card insert",Personal Care,Footcare,134,,,,YES
302021,78060,"Bodico Gel insoles for Men, Polybag with card insert",Personal Care,Footcare,134,,,,YES
302021,78583,"Bodico, Gel Arch Support Pad, one size, PU gel, polybag with card insert",Personal Care,Footcare,134,,,,YES
302021,82014,"Bodico, Feet Gel Cushions, 3 styles 30 pk/display box, OPP w/insert",Personal Care,Footcare,134,,,,YES
302021,82462,"Bodico, 1-pair Memory Insoles",Personal Care,Footcare,134,,,,YES
302021,84170,"Bodico Men's Insoles, Size: 7-8.5 printed bag w UPC(HZ)",Personal Care,Footcare,134,,,,YES
302021,84172,"Bodico Men's Insoles, Size: 9-10.5 printed bag w UPC(HZ)",Personal Care,Footcare,134,,,,YES
302021,84174,"Bodico  Men's Insoles, Size: 11-12 printed bag w UPC(HZ)",Personal Care,Footcare,134,,,,YES
302021,84176,"Bodico Women's Insoles, Size:5-6.5 printed bag w UPC(HZ)",Personal Care,Footcare,134,,,,YES
302021,84178,"Bodico Women's Insoles, Size: 7-8.5 printed bag w UPC(HZ)",Personal Care,Footcare,134,,,,YES
302021,84180,"Bodico Women's Insoles, Size: 9-10 printed bag w UPC(HZ)",Personal Care,Footcare,134,,,,YES
302021,84183,"Bodico 27.5cm L Felt Insoles, sleeve card + j-hook(HZ)",Personal Care,Footcare,134,,,,YES
302021,84190,"Bodico, Men's Odour Insoles, S:7-8.5, black, printed bag w UPC",Personal Care,Footcare,134,,,,YES
302021,84192,"Bodico, Men's Odour Insoles, S:9-10.5, black, printed bag w UPC",Personal Care,Footcare,134,,,,YES
302021,84194,"Bodico, Men's Odour Insoles, S:11-12, black, printed bag w UPC",Personal Care,Footcare,134,,,,YES
302021,84196,"Bodico, Women's Odour Insoles, S: 5-6.5, black, printed bag w UPC",Personal Care,Footcare,134,,,,YES
302021,84198,"Bodico, Women's Odour Insoles, S:7-8.5, black, printed bag w UPC",Personal Care,Footcare,134,,,,YES
302021,84200,"Bodico, Women's Odour Insoles, S:9-10, black, printed bag w UPC",Personal Care,Footcare,134,,,,YES
302021,84218,"Bodico, Sport Insoles, 3 sizes/ 4 cols., sz 7.5 to 11(HZ)",Personal Care,Footcare,134,,,,YES
302021,73141,"Gino's, Clip On Boot Stand, Hang Tag,12/PDQ",Shoe Care,Boot Clips,134,,,,YES
302021,83306,"Gino's Plastic Boot Stand, 2 col., colour label",Shoe Care,Boot Clips,134,,,,YES
302021,83020,"Gino 15.3"" Shoe Horn Tie on card",Shoe Care,Shoe Horn,134,,,,YES
302021,83032,"Gino's 31"" Long Shoe Horn, 3 col. tag. Metalic blk, silver,green",Shoe Care,Shoe Horn,134,,,,YES
302021,84031,"Gino's Shoe Horn L:19cm, hangtag",Shoe Care,Shoe Horn,134,,,,YES
302021,83025,"Gino's  5-pc. Shoe & Boot Laces, b/c",Shoe Care,Shoe Laces,134,,,,YES
302021,84000,"Gino's 54"" Boot Laces, Black, H/C",Shoe Care,Shoe Laces,134,,,,YES
302021,84001,"Gino's 54"" Boot Laces, Yellow Brown H/C",Shoe Care,Shoe Laces,134,,,,YES
302021,84002,"Gino's 54"" Boot Laces, Brown, H/C",Shoe Care,Shoe Laces,134,,,,YES
302021,84003,"Gino's 63"" Boot Laces, Black, H/C",Shoe Care,Shoe Laces,134,,,,YES
302021,84004,"Gino's 63"" Boot Laces, Yellow Brown H/C",Shoe Care,Shoe Laces,134,,,,YES
302021,84005,"Gino's 63"" Boot Laces, Brown, H/C",Shoe Care,Shoe Laces,134,,,,YES
302021,84006,"Gino's 72"" Boot Laces, Black, H/C",Shoe Care,Shoe Laces,134,,,,YES
302021,84007,"Gino's 72"" Boot Laces, Yellow Brown H/C",Shoe Care,Shoe Laces,134,,,,YES
302021,84008,"Gino's 72"" Boot Laces, Brown, H/C",Shoe Care,Shoe Laces,134,,,,YES
302021,84009,"Gino's 24"" Sport Laces, Black, B/C",Shoe Care,Shoe Laces,134,,,,YES
302021,84010,"Gino's 24"" Sport Laces, White, B/C",Shoe Care,Shoe Laces,134,,,,YES
302021,84012,"Gino's 30"" Sport Laces, White, B/C",Shoe Care,Shoe Laces,134,,,,YES
302021,84013,"Gino's 54"" Sport Laces, Black, B/C",Shoe Care,Shoe Laces,134,,,,YES
302021,84014,"Gino's 54"" Sport Laces, White, B/C",Shoe Care,Shoe Laces,134,,,,YES
302021,84015,"Gino's 54"" Sport Laces, Brown, B/C",Shoe Care,Shoe Laces,134,,,,YES
302021,84016,"Gino's 72"" Sport Laces, Black, B/C",Shoe Care,Shoe Laces,134,,,,YES
302021,84017,"Gino's, 2-pc. Curly Laces, 4 col., B/C (DCS)",Shoe Care,Shoe Laces,134,,,,YES
302021,84093,"Gino's 63"" Reflective Boot Lace, Green, B/C",Shoe Care,Shoe Laces,134,,,,YES
302021,84094,"Gino's 54"" Multi Col. Sports Lace, Pink, B/C",Shoe Care,Shoe Laces,134,,,,YES
302021,84096,"Gino's 54"" Multi Col. Sports Lace, Green, B/C",Shoe Care,Shoe Laces,134,,,,YES
302021,84097,"Gino's No tie shoe lace, 4 Col., B/C",Shoe Care,Shoe Laces,134,,,,YES
302021,84103,"Gino's 1 Pair, 24"" Dress Shoe Laces Black, B/C",Shoe Care,Shoe Laces,134,,,,YES
302021,84104,"Gino's 1 Pair, 24"" Dress Shoe Laces Brown, B/C",Shoe Care,Shoe Laces,134,,,,YES
302021,84105,"Gino's 1 Pair, 30"" Dress Shoe Laces Black, B/C",Shoe Care,Shoe Laces,134,,,,YES
302021,84106,"Gino's 1 Pair, 30"" Dress Shoe Laces Brown, B/C",Shoe Care,Shoe Laces,134,,,,YES
302021,83024,"Gino's 1-pc Shine Sponge, blister card",Shoe Care,Shoe Polishes & Acc.,134,,,,YES
302021,84019,"Gino's Shoe Whitener with Sponge Dip Applicator , 60ml. 12/Display",Shoe Care,Shoe Polishes & Acc.,134,,,,YES
302021,84020,"Gino's Gel Sneaker Cleaner, 100ml. 12/Display",Shoe Care,Shoe Polishes & Acc.,134,,,,YES
302021,84026,"Gino's Instant Wax Polish, 75ml.  Black colour, 12/Display",Shoe Care,Shoe Polishes & Acc.,134,,,,YES
302021,84028,"Gino's Shoe polish wax, 40g. Black colour, 12/Display",Shoe Care,Shoe Polishes & Acc.,134,,,,YES
302021,84557,"Gino's, 2-pc Fragrant Ball, 4 Asst.,  clam shell",Shoe Care,Shoe Polishes & Acc.,134,,,,YES
302021,84856,Gino's Shoe Brush with Edge Cleaner Tie on card,Shoe Care,Shoe Polishes & Acc.,134,,,,YES
302021,84857,"Gino's Suede Cleaning Block 1.7x2.7x1"", Blister card",Shoe Care,Shoe Polishes & Acc.,134,,,,YES
302021,84907,Gino's Suede Nubuck Cleaning Brush Blister card,Shoe Care,Shoe Polishes & Acc.,134,,,,YES
302021,84927,"Gino's, 2-PC Bamboo Charcoal Air Purifying Bags for shoe,75g",Shoe Care,Shoe Polishes & Acc.,134,,,,YES
302021,84932,"Gino's 2 in 1 Shoe Cleaning brush L:8.6"", TOC",Shoe Care,Shoe Polishes & Acc.,134,,,,YES
302021,83109,"H.E.  2-pc Lint Roller Refills, 25 Sheets of each Roll",Everyday Household,Cleaning Supplies,135,,,,YES
302021,91092,"H.E. Lint Brush w/ Self Cleaning Base, L:5.3""-8.4"", Hanging Card",Everyday Household,Cleaning Supplies,135,,,,YES
302021,91215,"H.E., 25 Sheet Lint Roller w/ Blue Handle",Everyday Household,Cleaning Supplies,135,,,,YES
302021,91216,"Action-1., 25 Sheet Lint Roller , 4 col.",Everyday Household,Cleaning Supplies,135,,,,YES
302021,92033,"H.E. 4-PC Fashion Lint Rollers, T.O.C., 2 Asst. (CS)",Everyday Household,Cleaning Supplies,135,,,,YES
302021,81701,"H.E. Giant Lint Remover, clamshell",Everyday Household,Houseware,135,,,,YES
302021,83977,"Bodico, 12-pc Metal Shower Curtain Ring, PVC bag w/header(HZ)",Personal Care,Bathroom Accessories,139,,,,YES
302021,83978,"Bodico 12-pc Pl. Shower Curtain  Ring, pvc box, all clear",Personal Care,Bathroom Accessories,139,,,,YES
302021,U1P-10689,"Little Trees Air Fresheners, X-Tra Strength, New Car Scent",Auto,Air Fresheners,140,,,,YES
302021,UCD-10155-24-6,"Little Trees Air Fresheners, Black Ice, 24-pcs per polybag",Auto,Air Fresheners,140,,,,YES
302021,UCD-10189-24-6,"Little Trees Air Fresheners, New  Car, 24-pcs Counter Box Pack",Auto,Air Fresheners,140,,,,YES
302021,UCD-10311-24-6,"Little Trees Air Fresheners, Wild Cherry, 24-pcs per polybag",Auto,Air Fresheners,140,,,,YES
302021,UCD-10312-24-6,"Little Trees Air Fresheners, Strawberry, 24-pcs per polybag",Auto,Air Fresheners,140,,,,YES
302021,Z1K-10000-GL,"Little Trees Air Fresheners,24pc/st 5 Asst'd Scents, refer Z1K-10000-GJ",Auto,Air Fresheners,140,,,,YES
302021,81910,"Focus Auto Windshield Cleaner,  clam shell pack",Auto,Car washing & cleaning,140,,,,YES
302021,81911,"Focus Auto Windshield Cleaner Pads,  2-pc. Set, Microfibre, clamshell",Auto,Car washing & cleaning,140,,,,YES
302021,83216,"Focus Auto  Microfibre Super Mitt, 2-in-1, hanging card",Auto,Car washing & cleaning,140,,,,YES
302021,91509,"H.E. Anti Slip Liner18""'x 4', Clear Dot, Wrap Card",Everyday Household,Houseware,141,,,,YES
302021,80127,"Luciano 18""x5-ft Non-slip Liner, 4 col., 36/dsp",Everyday Household,Non-Slip Grippers,141,,,,YES
302021,80129,"Luciano Anti-Slip Mat, 12"" x 3', 6 col., 24/dsp",Everyday Household,Non-Slip Grippers,141,,,,YES
302021,80180,"Luciano 12""x4-ft Non-slip Liner, 4 cols., 24/dsp",Everyday Household,Non-Slip Grippers,141,,,,YES
302021,70472,"L.G. Silicone Ice Cube Tray 2 x 4, 16.5x11.5x5.2cm, 2/c, wrap card(CS)",Everyday Household,Boxes & Containers,145,,,,YES
302021,80188,"Luciano Butter Dish, holds 1-lb (454g), 5.5x3.5x2.5""",Everyday Household,Boxes & Containers,145,,,,YES
302021,80271,"Luciano 1.5L(52-oz)Cereal Container w/Snap Lid, Oval",Everyday Household,Boxes & Containers,145,,,,YES
302021,80699,"Luciano 2-pc Snack Keeper, 3 colors, color sleeve",Everyday Household,Boxes & Containers,145,,,,YES
302021,80329,"Luciano, Kitchen Sink Strainer, Stainless Steel, card (CS)",Everyday Household,Cleaning Supplies,145,,,,YES
302021,80339,"Luciano, Kitchen Sink Strainer, Stainless Steel, card",Everyday Household,Cleaning Supplies,145,,,,YES
302021,80832,"Luciano 4.375"" D S/S Sink Strainer,   header card",Everyday Household,Cleaning Supplies,145,,,,YES
302021,81121,"H.E., 5"" Drain Stopper, b/c",Everyday Household,Cleaning Supplies,145,,,,YES
302021,83581,"H.E. 5"" Hair Catcher, blister card",Everyday Household,Cleaning Supplies,145,,,,YES
302021,83681,H.E.  6-PC Sink Strainer Set Blister card,Everyday Household,Cleaning Supplies,145,,,,YES
302021,70999,"L.Gourmet Pantry Labels, 6 sheets blk labels clr bckground (CS)",Everyday Household,Houseware,145,,,,YES
302021,80292,"Luciano  500ml Beverage Container w/ Straw, 2 col., 36/dsp",Everyday Household,Houseware,145,,,,YES
302021,92124,"H.E 3L Compost Bin with Lid 6.3x4.7x7.8"", color label",Everyday Household,Houseware,145,,,,YES
302021,70648,"L.Gourmet Set/2 Cooling Racks, 10x10"", t.o.c. (=#80287-HC)(CP)",Kitchenware,Bakeware & Accessories,145,,,,YES
302021,70030,"L.Gourmet  9.5"" S/S Tongs w/ Rubber Cushion&Pull-lock,t.o.c.(CP)",Kitchenware,Kitchen Gadgets,145,,,,YES
302021,70031,"L.Gourmet  16"" S/S Tongs w/ Rubber Cushion&Pull-lock,t.o.c.(CP)",Kitchenware,Kitchen Gadgets,145,,,,YES
302021,70066,"L.Gourmet  7"" Mini S/S Tongs w/ Silicone Head, t.o.c.",Kitchenware,Kitchen Gadgets,145,,,,YES
302021,70067,"L.Gourmet  9"" S/S Flat Tongs w/ Nylon Head, tag (CS)",Kitchenware,Kitchen Gadgets,145,,,,YES
302021,80117,"Luciano Set of 4 Burner Covers, 6 designs, PBH",Kitchenware,Kitchen Gadgets,145,,,,YES
302021,80337,"Luciano, 8-pc Parchment Paper, 15x 12"",Silicone Coated,printed bag",Kitchenware,Kitchen Gadgets,145,,,,YES
302021,80403,"Luciano  Egg Slicer, 3 Colours, b/c",Kitchenware,Kitchen Gadgets,145,,,,YES
302021,93075,"Luciano 48-pc 6""L Bamboo Skewer, colour resealable bag (CS)",Kitchenware,Kitchen Gadgets,145,,,,YES
302021,80335,"Luciano  4-cup Measuring Cup, label (HZ)",Kitchenware,Measuring Cups & Spoons,145,,,,YES
302021,80336,"Luciano  1-cup Measuring Cup, label (HZ)",Kitchenware,Measuring Cups & Spoons,145,,,,YES
302021,80463,"Luciano  9"" Metal Serving Tongs,  t.o.c. (ES12925)",Kitchenware,Serving Utensils,145,,,,YES
302021,83679,"Luciano 2-pc 6"" Plastic Bag Clips, White, b/c (CS)",Everyday Household,Bags & Clips,146,,,,YES
302021,5L15781,"SiG.Kit  6-pc 30x38"" Strong Black Large Garbage Bags",Everyday Household,Bags & Clips,146,,,,YES
302021,5L15782,"SiG.Kit  8-pc 16.3x16.6""Compostable  Small Kitchen Bags",Everyday Household,Bags & Clips,146,,,,YES
302021,CM034090,"SiG.Kit  10-pc 26x36"" Outdoor  Garbage Bags, Black (=IMP00003)",Everyday Household,Bags & Clips,146,,,,YES
302021,CM034129,"SiG.Kit  5-pc 30x48"" Strong Outdoor  Orange Garbage Bags",Everyday Household,Bags & Clips,146,,,,YES
302021,CP500090,"SiG.Kit  5-pc 30x48"" Strong Outdoor  Clear Recycling Bags",Everyday Household,Bags & Clips,146,,,,YES
302021,GM20040,"EASY WAY 30-pc 10.5x5.25x3.25""Kraft Paper Lunch Bags (GM24050)",Everyday Household,Bags & Clips,146,,,,YES
302021,IMP00003,"IMPACT 10-pc 26x36"" Outdoor Garbage Bags , Black (CM034090)",Everyday Household,Bags & Clips,146,,,,YES
302021,IMP00004,"IMPACT 10-pc 20x22"" Kitchen Bags,  White (CM034108)",Everyday Household,Bags & Clips,146,,,,YES
302021,IMP00024,"IMPACT 40-pc 26x32.5"" Garbage Bags w/ Flap Ties, Black, cbx (S06007)",Everyday Household,Bags & Clips,146,,,,YES
302021,IMP00028,"IMPACT  7-pc 26x36""Blue Garbage Bag for Outdoor Recycling(#5L15905)",Everyday Household,Bags & Clips,146,,,,YES
302021,IMP00029,"IMPACT  5-pc 35x50"" Strong Outdoor Jumbo Garbage Bag,Black(=#CM034133)",Everyday Household,Bags & Clips,146,,,,YES
302021,IMP00030,"IMPACT  10-pc 24x30"" Tall Kitchen Bags, Black (=#S06009)",Everyday Household,Bags & Clips,146,,,,YES
302021,81015,H.E. 50-pack Poly Disposable Gloves printed bag (to replace 81315),Everyday Household,Cleaning Supplies,146,,,,YES
302021,81310,"H.E.Rubber Household Gloves, Sz: S, 15 mil, 11.8""L, Flocklined",Everyday Household,Cleaning Supplies,146,,,,YES
302021,81311,"H.E.Rubber Household Gloves, Sz: M, 15 mil, 11.8""L, Flocklined",Everyday Household,Cleaning Supplies,146,,,,YES
302021,81312,"H.E.Rubber Household Gloves, Sz: L, 15 mil, 11.8""L, Flocklined (CS)",Everyday Household,Cleaning Supplies,146,,,,YES
302021,81313,"H.E.Rubber Household Gloves, Sz: XL 15 mil, 11.8""L, Flocklined",Everyday Household,Cleaning Supplies,146,,,,YES
302021,81319,"H.E. Fashion Latex Gloves w/Cuff, 2 Color,  glove size M, header card",Everyday Household,Cleaning Supplies,146,,,,YES
302021,81427,"H.E. 15.5"" Deluxe Cleaning Gloves w/ Cuff & Lining, 1size. 2/C Carded",Everyday Household,Cleaning Supplies,146,,,,YES
302021,92030,"H.E. All Purpose Household Gloves, Header Card, 2/C, Blk & Pink (CS)",Everyday Household,Cleaning Supplies,146,,,,YES
302021,82339,Bodico All Purpose Cotton Gloves (Pair) opp bag w/header(HZ),Personal Care,Hygiene,146,,,,YES
302021,83042,"EZ-Stor 2-pc HD Storage Bag,Size XL  20.5"" x 17"", colour box",Everyday Household,Bags & Clips,147,,,,YES
302021,83044,"EZ-Stor Vac. Storage Bag, Size L, 17.5"" x 27.5"", printed polybag",Everyday Household,Bags & Clips,147,,,,YES
302021,83045,"EZ-Stor Vac. Storage Bag, Size XL, 21.5"" x 33.5"", printed polybag",Everyday Household,Bags & Clips,147,,,,YES
302021,83060,"EZ-Stor Vac. Storage Bag, Size XXL  29"" x 51"", printed opp bag",Everyday Household,Bags & Clips,147,,,,YES
302021,83147,"H.E.  Suit Bag  24""x40"", polybag w/ insert card",Everyday Household,Bags & Clips,147,,,,YES
302021,83149,"H.E.  Dress Bag  24""x54"", polybag w/ insert card",Everyday Household,Bags & Clips,147,,,,YES
302021,83016,"H.E.  23"" Mesh Hamper, insert card, vinyl bag, 4 assorted col.",Laundry,Hampers,147,,,,YES
302021,91173,"H.E. Over the door Hamper, 2 col. shrink wrap w/ insert card",Laundry,Hampers,147,,,,YES
302021,83000,"H.E. 15-PC Laundry Detergent Sheets Size:2.7x4.3"", Zip lock bag",Laundry,Prep and Storage,147,,,,YES
302021,83038,"H.E. Lingerie Washing Bag 3layer mesh w/zipper,white,dia 16cm",Laundry,Prep and Storage,147,,,,YES
302021,83113,"H.E.  Dlx Bra Laundry Washing Bag, 6.5""Dia. x 4.75"", opp bag",Laundry,Prep and Storage,147,,,,YES
302021,83153,"H.E.  Lingerie Washing Bag Dia. 6.2"" x 7.8"" (#83114)",Laundry,Prep and Storage,147,,,,YES
302021,83477,"H.E.  Jumbo Laundry Washing Bag, 15"" x 19"", opp bag(CS)",Laundry,Prep and Storage,147,,,,YES
302021,83647,"H.E.  Heavy Duty Washing Bag, 15"" dia. x 21""  , opp bag",Laundry,Prep and Storage,147,,,,YES
302021,91696,"H.E. Cylinder Washing Bag , OPP Bag, 27cm x 40cm(CS)",Laundry,Prep and Storage,147,,,,YES
302021,91697,"H.E. Jumbo Heavy Duty Washing Bag , OPP Bag, 50cm x 60cm",Laundry,Prep and Storage,147,,,,YES
302021,30134,"H.E. 2-pc Super Glue w/Safety Tubes , b/c, 3g/tube",Everyday Household,Adhesives,148,,,,YES
302021,83065,"H.E. 3-pc. Super Glue w/Safety Tube , clamshell",Everyday Household,Adhesives,148,,,,YES
302021,83394,"H.E.  8-pr.  Hoop & Loop Fasteners,  3/4"" Round, White, b/c",Everyday Household,Adhesives,148,,,,YES
302021,92039,"H.E. Freezer Tape, B/C , 19mm x 25m",Everyday Household,Adhesives,148,,,,YES
302021,92046,"H.E. 1m Nano Double Sided Tape , B/C",Everyday Household,Adhesives,148,,,,YES
302021,89661,"H.E. 3""#1 Adhesive Number Sign, SS B/C",Everyday Household,Hooks & Hangers,148,,,,YES
302021,89662,"H.E. 3""#2 Adhesive Number Sign, SS B/C",Everyday Household,Hooks & Hangers,148,,,,YES
302021,89663,"H.E. 3""#3 Adhesive Number Sign, SS B/C",Everyday Household,Hooks & Hangers,148,,,,YES
302021,89664,"H.E. 3""#4 Adhesive Number Sign, SS B/C",Everyday Household,Hooks & Hangers,148,,,,YES
302021,89666,"H.E. 3""#6 Adhesive Number Sign, SS  B/C",Everyday Household,Hooks & Hangers,148,,,,YES
302021,89667,"H.E. 3""#7 Adhesive Number Sign, SS B/C",Everyday Household,Hooks & Hangers,148,,,,YES
302021,73170,H.E Master Pro 2-PC Electrical Tape 12 M x 19mm CSA Approved.,Hardware,Tools & Accessories,148,,,,YES
302021,83728,"H.E. Master Pro, 2""x33' Duct Tape shrink wrapped w/insert",Hardware,Tools & Accessories,148,,,,YES
302021,83793,"H.E. Master Pro, 3-pc Plumber's Pipe Joint Tape, b/c",Hardware,Tools & Accessories,148,,,,YES
302021,78020,"Bodico, Oval Bath Mat, semi-trans, PVC,3 asst, 66x34cm, hc",Personal Care,Bathroom Accessories,148,,,,YES
302021,84249,"Bodico Shower Curtain Rod, 42""-72"", 22/25 dia,white steel, shrink wrap",Personal Care,Bathroom Accessories,148,,,,YES
302021,84250,"Bodico Matte Black Curtain Rod, 42-72"", 22/25 dia, hanger",Personal Care,Bathroom Accessories,148,,,,YES
302021,83104,H.E.  18' Flexible Drain Brush T.O.C.,Everyday Household,Cleaning Supplies,149,,,,YES
302021,83188,"H.E. Drain Snake, B/C (CS)",Everyday Household,Cleaning Supplies,149,,,,YES
302021,83190,"H.E.  5' Drain Snake , slide blister(CS)",Everyday Household,Cleaning Supplies,149,,,,YES
302021,83330,"Master Pro.4"" Safety Scraper w/5pcs Blades, slide b/c",Everyday Household,Cleaning Supplies,149,,,,YES
302021,83831,"H.E., 3-Pcs Mini Scraper, b/c",Everyday Household,Cleaning Supplies,149,,,,YES
302021,73057,"H.E. Master Pro, 3-pc 1.5"" Opening, Heavy Duty Spring Clamps, t.o.c.",Hardware,Tools & Accessories,149,,,,YES
302021,73061,"H.E. Master Pro,  2"" Spring Clamp Heavy Duty, t.o.c.",Hardware,Tools & Accessories,149,,,,YES
302021,73071,"H.E. Master Pro, 220-pc Assorted Nails, pvc bx w col. sleeve card",Hardware,Tools & Accessories,149,,,,YES
302021,73073,"H.E. Master Pro, 110-pc Assorted Countersunk Screws, pvc bx w col",Hardware,Tools & Accessories,149,,,,YES
302021,73094,"H.E. Master Pro, 2-pc Screw Hooks Heavy Duty, b/c",Hardware,Tools & Accessories,149,,,,YES
302021,91478,"H.E.Safety Markers, B/C, 20mm x 2m",Hardware,Tools & Accessories,149,,,,YES
302021,83815,"Focus Auto, 2-pc Blind Spot Mirror,  Dia. 2"", b/c",Auto,Accessories,150,,,,YES
302021,89760,"Focus Auto, Non-slip Dash Mat, Slide Blister",Auto,Accessories,150,,,,YES
302021,83818,"Focus Auto  3-pc Detail Brush Set,  6.75"", t.o.c.",Auto,Car washing & cleaning,150,,,,YES
302021,83799,"Focus Auto Reflective Safety Vest, Orange, opp bag w/ insert",Auto,Safety & Security,150,,,,YES
302021,83825,"Focus A. 5.5"" Tire Pressure Gauge,   b/c",Auto,Tools & Parts,150,,,,YES
302021,83874,"Focus Auto Funnel, Set of 2  Label",Auto,Tools & Parts,150,,,,YES
302021,85099,"Enlighten 15ml Fragrance Oil, Calm",Candles & Incense,"Diffusers, Oil & Room Spray",200,,,,YES
302021,85100,"Enlighten 15ml Fragrance Oil, Sleep",Candles & Incense,"Diffusers, Oil & Room Spray",200,,,,YES
302021,85142,"Enlighten 15ml Fragrance Oil, Balance",Candles & Incense,"Diffusers, Oil & Room Spray",200,,,,YES
302021,83501,"H.E. Foldable Step Stool H:10.6"", Capacity: 396lbs, (#83406)",Everyday Household,Houseware,200,,,,YES
302021,83502,"H.E. Foldable Step Stool H:15"", Capacity: 220lbs",Everyday Household,Houseware,200,,,,YES
302021,83552,"H.E. 8L Waste Bin with Dual Lid Opening, 7.8x10.6x12.2""",Everyday Household,Houseware,200,,,,YES
302021,78343,"Bodico, 50-pc Oil Blotting Paper ,col box in opp bag",Personal Care,Cosmetics,200,,,,YES
302021,78395,"Bodico, 40-pc Face Lifting Tapes ,col box, req. LOT #, 12pcs/pdq",Personal Care,Cosmetics,200,,,,YES
302021,74043,"Excel V. Kids Neon Aviator Sunglasses, 30/dpy, 5 asst. no case",Personal Care,Eyewear,200,,,,YES
302021,78297,"Bodico, Kinesiology Tape 2asst, 5cmx5m, cotton, col box",Personal Care,Health & Wellness,200,,YES,,YES
302021,74526,"Bodico, 70% Rubbing Alcohol, 100ml Spray Bottle",Personal Care,Hygiene,200,,,,YES
302021,74528,"Bodico, 70% Ethanol Rubbing Alcohol, 473ml Bottle with Cap",Personal Care,Hygiene,200,,,,YES
302021,78388,"Bodico, Facial Hair Groomer ,16x2x2cm, req:1*AAA (not incl),",Personal Care,Hygiene,200,,,,YES
302021,78389,"Bodico, Hair trimmer ,3x3x13cm, req:1*AA (not inc),",Personal Care,Hygiene,200,,,,YES
302021,82123,"Bodico 2-pc Lip Balm Stick,3 styles Aloe, Strawberry, Cherry",Personal Care,Hygiene,200,,,,YES
302021,82277,"Delon, 473ml Hydrogen Peroxide 3%",Personal Care,Hygiene,200,,,,YES
302021,82228,"Bodico Tweezer w/Eva Coating,  6 col., 24/display",Personal Care,Manicure,200,,,,YES
302021,44040,"Time 4 Crafts 24x24"" Gallery Canvas 1 3/8"",shrink wrap",Crafts,Art & Craft Supplies,202,,,,YES
302021,44257,"Time 4 Crafts 24x36""Gallery Canvas 1.5"" , shrink wrap",Crafts,Art & Craft Supplies,202,,,,YES
302021,05406,"Tootsie Baby, 5-pc Washcloth, 2asst 9""x 9""  (CS)",Baby,Personal Care,210,,,,YES
302021,05001,"Tootsie Baby 3-pc Bath Boat, 2 asst, 4.25"", pbh",Baby,Bath Toys,250,,,,YES
302021,05003,"Tootsie Baby, Bath Toy Storage Net 44x34x13cm, white, col box",Baby,Bath Toys,250,,,,YES
302021,05093,"Tootsie Baby,3p Dino Bath Squirters pvc bag, 70g, vinyl",Baby,Bath Toys,250,,,,YES
302021,05094,"Tootsie Baby,Occupation Bath Figure 7.5cm (h), pvc bag w header, vinyl",Baby,Bath Toys,250,,,,YES
302021,76062,"Tootsie Baby, Rubber Ducks, 3 asst, mesh bag w hang tag, shower",Baby,Bath Toys,250,,,,YES
302021,76063,"Tootsie Baby, 3pc Sea Bath Squirts, pvc bag w header,",Baby,Bath Toys,250,,,,YES
302021,76064,"Tootsie Baby, 3pc Farm Bath Squirts pvc bag w header",Baby,Bath Toys,250,,,,YES
302021,76065,"TootsieB,3pc Transport Bath Squirts pvc bag w header,",Baby,Bath Toys,250,,,,YES
302021,05077,"Tootsie Baby, Bib with Patch Pocket ,3 asst, header card",Baby,Bibs,250,,,,YES
302021,05129,"Tootsie Baby, 12m+ Girls Bib w Pocket, 3-asst, hc",Baby,Bibs,250,,,,YES
302021,05130,"Tootsie Baby, 12m+ Boys Bib w Pocket, 3-asst, hc",Baby,Bibs,250,,,,YES
302021,05407,"Tootsie Baby, Bandana Drool Bib, 100%cotto,3 ast h/c,velcro closure",Baby,Bibs,250,,,,YES
302021,76746,"Tootsie Baby, 1-pc Printed EVA Bib  w/Pocket, 2 col., h/c",Baby,Bibs,250,,,,YES
302021,76747,"Tootsie Baby Terry Bib w/ PEVA back 75% cotton/25% poly, (# 05408 )",Baby,Bibs,250,,,,YES
302021,05072,"Tootsie Baby, Cotton Blanket, 2-Layer, 30x30"", 3 asst",Baby,Blankets,250,,,,YES
302021,05410,"Tootsie Baby, Embossed Fleece Blanket, 2-asst, 30""x40""",Baby,Blankets,250,,,,YES
302021,05024,"Tootise Baby, Matte 4oz Bottle 4 asst, hc, (w character)",Baby,Bottles & Acc.,250,,,,YES
302021,05025,"Tootise Baby, Matte 8oz Bottle 3-asst, hc",Baby,Bottles & Acc.,250,,,,YES
302021,05061,"Tootsie Baby, 3 Section Milk Powder Dispenser,hc",Baby,Bottles & Acc.,250,,,,YES
302021,05110,"Tootsie Baby, 5oz Bottle (150mL), 3 asst, hc",Baby,Bottles & Acc.,250,,,,YES
302021,05111,"Tootsie Baby, 8oz Bottle (250mL), 3 asst, hc",Baby,Bottles & Acc.,250,,,,YES
302021,05350,"Tootsie Baby, 8oz Feeding Bottle w print + silicone nipple, 6 asst",Baby,Bottles & Acc.,250,,,,YES
302021,76713,"Tootsie Baby 2-in-1 Bottle Brush, b/c",Baby,Bottles & Acc.,250,,,,YES
302021,76776,"10oz BPA Free Clear Bottle,Silicone Nipple,Easy Grip, 3 Asst Col.Header",Baby,Bottles & Acc.,250,,,,YES
302021,76782,"8oz BPA Free Clear Bottle, Silicone Nipple,Round, 3/c ,Header",Baby,Bottles & Acc.,250,,,,YES
302021,76793,"Tootsie Baby 2pk Silicone Nipples, b/c",Baby,Bottles & Acc.,250,,,,YES
302021,83136,"Tootsie Baby, Bottle Brush w/ Nipple Brush, b/c",Baby,Bottles & Acc.,250,,,,YES
302021,05113,"Tootsie Baby, Snack Catcher, 3 asst, hc",Baby,Bowls & Plates,250,,,,YES
302021,05054,"Tootsie Tots, 3-4t Stripe Socks 3asst, dogs w/ hats, hc",Baby,Clothing & Acc.,250,,,,YES
302021,76914,"Tootsie Baby,Cotton Hat/Mittens Set ,3 col., New Born h/c+ J-hook",Baby,Clothing & Acc.,250,,,,YES
302021,76928,"Tootsie Baby,2-pc Burp Cloth,  2 col., h/c",Baby,Clothing & Acc.,250,,,,YES
302021,05019,"Tootsie Baby, 10oz Soft Spout Sippy w Handle, 3asst, h/c",Baby,Cups,250,,,,YES
302021,05103,"Tootsie Baby, Sipper Cup, 4 asst Flip-Up Spout, 14oz, hc,",Baby,Cups,250,,,,YES
302021,05351,"Tootsie Baby, 6oz Printed Sipper w Handles, 4-asst, h/c",Baby,Cups,250,,,,YES
302021,76778,"Tootsie Baby, 7oz Twin-Handle Spill Proof Cup,2-Colours,header(ES11812)",Baby,Cups,250,,,,YES
302021,76819,"Tootsie Baby,12oz Thumb Grip Sipper Cup w/ Round Swivel, 4/c, header",Baby,Cups,250,,,,YES
302021,05053,"Tootsie Baby, 3pcs Heat Sensitive Spoons, Col Changing, 2 asst, b/c",Baby,Cutlery,250,,,,YES
302021,05091,"Tootsie Baby, 3-pc Cutlery Set 3 asst, bc",Baby,Cutlery,250,,,,YES
302021,82133,"Tootsie Baby, 10-pc Infant Spoons, , b/c           (ES87609)",Baby,Cutlery,250,,,,YES
302021,05023,"Tootsie Baby, Silicone Pacifier ,6m+, 4-asst, b/c",Baby,Pacifiers,250,,,,YES
302021,05026,"Tootsie Baby, Matte 2pcs Pacifier 4 col, 0m+/6m+, bc,(solid colours)",Baby,Pacifiers,250,,,,YES
302021,05112,"Tootsie Baby, Pacifier wCase, 3asst, hc",Baby,Pacifiers,250,,,,YES
302021,76790,"Tootsie Baby,2-pk Baby Silicone Pacifiers,2/C/2age (0m&6 m),b/c, 3-asst styles",Baby,Pacifiers,250,,,,YES
302021,76791,"Tootsie Baby,1-pk Baby Silicone Pacifiers with cover,b/c,3 colours",Baby,Pacifiers,250,,,,YES
302021,05015,"Tootsie Baby, Bath Mitt Puppet ,2-asst, wrap card",Baby,Personal Care,250,,,,YES
302021,05073,"Tootsie Baby, Clipper & Scissor Set, b/c",Baby,Personal Care,250,,,,YES
302021,05095,"Tootsie Baby,Soft-When-Wet BathMitt 3 asst, pvc bag",Baby,Personal Care,250,,,,YES
302021,05096,"Tootsie Baby, Bath Sponge w/ Cloud 42g, 3 asst, ht",Baby,Personal Care,250,,,,YES
302021,05099,"Tootsie Baby Potty Training Seat 38*31.5*10cm, white, 9/pdq",Baby,Personal Care,250,,,,YES
302021,76700,"Tootsie Baby, Diaper Bag Dispenser, w/15bags, 3 Col, b/c",Baby,Personal Care,250,,,,YES
302021,76703,"Tootsie Baby, 60-pc Disposable Diaper Bags,opp w/hc",Baby,Personal Care,250,,,,YES
302021,76719,"Tootsie Baby, Portable Diaper Changing Pad,68x35cm, 2col, PVC bag",Baby,Personal Care,250,,,,YES
302021,76753,"Tootsie Baby, Soft Potty Toilet Seat, 2 Styles, Shrink-wrapped",Baby,Personal Care,250,,,,YES
302021,76775,"Tootsie Baby, Baby Brush & Comb Set 4 Asst. blister card (ES11908)",Baby,Personal Care,250,,,,YES
302021,76824,"Tootsie Baby,Finger Toothbrush with Protective Case, b/c",Baby,Personal Care,250,,,,YES
302021,82130,"Tootsie Baby, 8-pc Baby Diaper Pins b/c,",Baby,Personal Care,250,,,,YES
302021,82132,"Tootsie Baby,  Baby Grooming Set, 2 asst. cols.,window box",Baby,Personal Care,250,,,,YES
302021,76715,"Tootsie Baby Premium Twist & Turn Rattle, 6 asst, b/c",Baby,Rattles & Teethers,250,,,,YES
302021,76786,"Tootsie Baby, Bear Keys Rattle Teether, 3 Col,blister card",Baby,Rattles & Teethers,250,,,,YES
302021,05057,"Tootsie Baby, Clear Door Cushion & Stopper, PVC , bc",Baby,Safety,250,,,,YES
302021,05058,"Tootsie Baby, Door Stopper With Metal, bc",Baby,Safety,250,,,,YES
302021,05104,"Tootsie Baby, 4-pc Corner Protector Premium, 5.3*5cm, b/c",Baby,Safety,250,,,,YES
302021,05105,"Tootsie Baby, Multi-Purpose Latch Medium, Silver, 14x3.2x1.3cm, b/c",Baby,Safety,250,,,,YES
302021,05106,"Tootsie Baby, Multi-Purpose Latch Large, Silver, 18x3.2x1.3cm, b/c",Baby,Safety,250,,,,YES
302021,05311,"Tootsie Baby, Baby On Board Sign w/  Suction Cup, b/c",Baby,Safety,250,,,,YES
302021,76032,"Tootsie Baby, Handy Stroller Hook 3col 16cm, hang card",Baby,Safety,250,,,,YES
302021,76856,"Tootsie Baby, Cabinet Latch,  4x1.5x0.5"", b/c",Baby,Safety,250,,,,YES
302021,76857,"Tootsie Baby, 2pc White Angle Lock,  3x3x1.5"", b/c",Baby,Safety,250,,,,YES
302021,76858,"Tootsie Baby, Refrigerator Lock , 3.5x2x0.5"", b/c",Baby,Safety,250,,,,YES
302021,76862,"Tootsie Baby Cabinet Glide Lock, white, b/c",Baby,Safety,250,,,,YES
302021,76879,"Tootsie Baby, Premium Foam Corner Protectors, b/c",Baby,Safety,250,,,,YES
302021,76916,"Tootsie Baby, Mosquito Net Cover, PVC bag w /snap, insert,",Baby,Safety,250,,,,YES
302021,82400,"Tootsie Baby, Stroller Rain Cover PVC bag w/insert",Baby,Safety,250,,,,YES
302021,83624,"Tootsie Baby, 6-pc Electrical Outlet Caps, b/c (DCS)",Baby,Safety,250,,,,YES
302021,22173,"Mirror Candle Plate w/Bevel Edge, 4""",Candle Holders,Candle Plates,260,,,,YES
302021,58448,"5""D Mirror candle plate, 12/dsp",Candle Holders,Candle Plates,260,,,,YES
302021,58454,"4""D Glass Mirror Candle Plate w/ Rhinestones, 12/dsp",Candle Holders,Candle Plates,260,,,,YES
302021,55440,"Deco Lite  3"" Mermaid Candle Holder  for Tea Light, 2 styles",Candle Holders,Decorative,260,,,,YES
302021,58392,"Deco Lite 2.5"" Glass Taper Holder,  12/dsp w/ egg crated tray box",Candle Holders,Holders - Taper,260,,,,YES
302021,22008,"Glass Votive Holder, Clear, 2.25""D x 2.5""H, 12/traybox",Candle Holders,Holders - Tea Light,260,,,,YES
302021,22010,"Glass 2-Way Candle Holder, Taper/ T-light, 2.2""D x 2""H, 12/traybox",Candle Holders,Holders - Tea Light,260,,,,YES
302021,22011,"Glass 2-Way Candle Holder, Taper/ T-light, 2""D x 2.4""H, 12/traybox",Candle Holders,Holders - Tea Light,260,,,,YES
302021,26261,Glass Tealight Candle Holder /Replacement (UPC-N/A),Candle Holders,Holders - Tea Light,260,,,,YES
302021,58316,"3""D Glass Tealight Candle Holder,  12/pdq",Candle Holders,Holders - Tea Light,260,,,,YES
302021,22004,"Glass Votive Holder, Clear, 3""D, 12/traybox",Candle Holders,Holders - Votive,260,,,,YES
302021,65259,"Moon Phases Ceramic Hurricane Candle Holder, 4""D x 3.6""H",Candle Holders,Holders - Votive,260,,,,YES
302021,65262,"Celestial Votive Candle Holder, 3.5""D x 5""H",Candle Holders,Holders - Votive,260,,,,YES
302021,65263,"Celestial Votive Candle Holder, 4.1""D x 5.75""H",Candle Holders,Holders - Votive,260,,,,YES
302021,07471,"Deco Lite  2pk LED Tealight, b/c, Flickering Light, w/Batteries",Candles & Incense,Candles LED/Flameless,270,,,,YES
302021,07474,"Deco Lite LED Votive, White, b/c,  Flickering Light (Battery incl.)",Candles & Incense,Candles LED/Flameless,270,,,,YES
302021,66326,"Deco Lite 2pk Submersible LED Tealights Colour Changing, 2xCR2032 (batteries incl.), blister",Candles & Incense,Candles LED/Flameless,270,,,,YES
302021,07471-C,"Deco Lite 2pk LED Tealight w/Clipstrip (12pc), b/c, Flickering Light, w/Batteries",Candles & Incense,Candles LED/Flameless,270,,,,YES
302021,85073,"3x6"" Pillar Candle, Ivory",Candles & Incense,Candles Pillar,270,,,,YES
302021,85217,"Frosted Scented Pillar Candle, 2.7""x 2.9"", Lavender Fields",Candles & Incense,Candles Pillar,270,,,,YES
302021,85218,"Frosted Scented Pillar Candle, 2.7""x 5.8"", Lavender Fields",Candles & Incense,Candles Pillar,270,,,,YES
302021,85223,"Frosted Scented Pillar Candle, 2.7""x 2.9"", Juicy Melon",Candles & Incense,Candles Pillar,270,,,,YES
302021,85229,"Frosted Scented Pillar Candle, 2.7""x 2.9"", Ocean Mist",Candles & Incense,Candles Pillar,270,,,,YES
302021,85241,"Frosted Scented Pillar Candle, 2.7""x 2.9"", Wild Rose",Candles & Incense,Candles Pillar,270,,,,YES
302021,85253,"Frosted Scented Pillar Candle, 2.7""x 2.9"", Vanilla Cream",Candles & Incense,Candles Pillar,270,,,,YES
302021,88017,"Deco Lite Sm. Pillar, Mango,Coconut +Guava, 2.75x2.75"",shrink/col label",Candles & Incense,Candles Pillar,270,,,,YES
302021,88131,"DecoLite Small Pillar, Lavender+ Bergamot, 2.75"" x 2.75""",Candles & Incense,Candles Pillar,270,,,,YES
302021,88133,"DecoLite Large Pillar, Lavender + Bergamot, 2.75"" x 5.25",Candles & Incense,Candles Pillar,270,,,,YES
302021,CA00367-6,"KG Radiance 2.75X3.6"" Pillar Unscented, White, 37Hrs (Az)",Candles & Incense,Candles Pillar,270,,,,YES
302021,CA01256-2,"KG Radiance 3"" Pillar-White Unscented, 33Hrs (Az)",Candles & Incense,Candles Pillar,270,,,,YES
302021,CA01271-5,"KG Radiance 6"" Pillar-White Unscented, 63Hrs (Az)",Candles & Incense,Candles Pillar,270,,,,YES
302021,CA01272-2,"KG Radiance 6"" Pillar-Ivory Unscented, 63Hrs (Az)",Candles & Incense,Candles Pillar,270,,,,YES
302021,CA01280-7,"KG Radiance 8"" Pillar-White Unscented, 110Hrs (Az)",Candles & Incense,Candles Pillar,270,,,,YES
302021,CA03700-8,"KG Enlighten 4"" Scented Pillar Vanilla Flower (Az)",Candles & Incense,Candles Pillar,270,,,,YES
302021,CA03704-6,"KG Enlighten 4"" Scented Pillar Jasmine Sandalwood (Az)",Candles & Incense,Candles Pillar,270,,,,YES
302021,CA03705-3,"KG Enlighten 4"" Scented Pillar Thai Lemongrass (Az)",Candles & Incense,Candles Pillar,270,,,,YES
302021,CA03706-0,"KG Enlighten 4"" Scented Pillar Pomegranate (Az)",Candles & Incense,Candles Pillar,270,,,,YES
302021,CA03732-9,"KG Enlighten 3Pk 2"" Min Pillars Scented, Vanilla Flower (Az)",Candles & Incense,Candles Pillar,270,,,,YES
302021,CA03738-1,"KG Enlighten 3Pk 2"" Min Pillars Scented, Pomegranate (Az)",Candles & Incense,Candles Pillar,270,,,,YES
302021,85384,"10"" Dinner Candle, Blue, 20/dsp, cello wrapped",Candles & Incense,Candles Taper & Dinner,270,,,,YES
302021,85385,"10"" Dinner Candle, Burgundy, 20/dsp, cello wrapped",Candles & Incense,Candles Taper & Dinner,270,,,,YES
302021,85386,"10"" Dinner Candle, Green, 20/dsp, cello wrapped",Candles & Incense,Candles Taper & Dinner,270,,,,YES
302021,85387,"10"" Dinner Candle, Ivory, 20/dsp, cello wrapped",Candles & Incense,Candles Taper & Dinner,270,,,,YES
302021,85388,"10"" Dinner Candle, Purple, 20/dsp, cello wrapped",Candles & Incense,Candles Taper & Dinner,270,,,,YES
302021,85389,"10"" Dinner Candle, Red, 20/dsp, cello wrapped",Candles & Incense,Candles Taper & Dinner,270,,,,YES
302021,85390,"10"" Dinner Candle, Lavender, 20/dsp, cello wrapped",Candles & Incense,Candles Taper & Dinner,270,,,,YES
302021,85391,"10"" Dinner Candle, Light Blue, 20/dsp, cello wrapped",Candles & Incense,Candles Taper & Dinner,270,,,,YES
302021,85392,"10"" Dinner Candle, White, 20/dsp, cello wrapped",Candles & Incense,Candles Taper & Dinner,270,,,,YES
302021,85395,"10"" Dinner Candle, Black, 20/dsp, cello wrapped",Candles & Incense,Candles Taper & Dinner,270,,,,YES
302021,85396,"10"" Dinner Candle, Orange, 20/dsp, cello wrapped",Candles & Incense,Candles Taper & Dinner,270,,,,YES
302021,85788,"5-pc 6.5"" All-Purpose / Emergency Candles, colour box, 5H",Candles & Incense,Candles Taper & Dinner,270,,,,YES
302021,CA01296-8,"KG Radiance 7"" Dinner Candle White, Unscented 6.5Hrs (Az)",Candles & Incense,Candles Taper & Dinner,270,,,,YES
302021,CA01297-5,"KG Radiance 7"" Dinner Candle Ivory, Unscented 6.5Hrs (Az)",Candles & Incense,Candles Taper & Dinner,270,,,,YES
302021,CA01475-7,"KG Radiance 10"" Unscented Taper White, 7Hrs (Az)",Candles & Incense,Candles Taper & Dinner,270,,,,YES
302021,CA03772-5,"KG Enlighten 4Pk 10"" Diner Candle, White, Unscented (Az)",Candles & Incense,Candles Taper & Dinner,270,,,,YES
302021,CA03773-2,"KG Enlighten 4Pk 10"" Diner Candle, Ivory, Unscented (Az)",Candles & Incense,Candles Taper & Dinner,270,,,,YES
302021,CA06880-4NP,"KG Enlighten 4Pk 12"" Taper Candle, White, Unscented (Az)",Candles & Incense,Candles Taper & Dinner,270,,,,YES
302021,CA06886-6NP,"KG Enlighten 4Pk 12"" Taper Candle, Ivory, Unscented (Az)",Candles & Incense,Candles Taper & Dinner,270,,,,YES
302021,CA35480-8,"KG Radiance 16Pk White Tlite-10Gm Bagged, 3 Hours (Az) (85787)",Candles & Incense,Candles Tea-Lights,270,,,,YES
302021,CA35482-2,"KG Radiance 80Pk White Tlite-10Gm Bagged, 3 Hours (Az)",Candles & Incense,Candles Tea-Lights,270,,,,YES
302021,85219,"Frosted Scented Votive Candle, 2""H, Lavender Fields, 24/PDQ",Candles & Incense,Candles Votives,270,,,,YES
302021,85225,"Frosted Scented Votive Candle, 2""H, Juicy Melon, 24/PDQ",Candles & Incense,Candles Votives,270,,,,YES
302021,85231,"Frosted Scented Votive Candle, 2""H, Ocean Mist, 24/PDQ",Candles & Incense,Candles Votives,270,,,,YES
302021,85237,"Frosted Scented Votive Candle, 2""H, Orange Blossom, 24/PDQ",Candles & Incense,Candles Votives,270,,,,YES
302021,85243,"Frosted Scented Votive Candle, 2""H, Wild Rose, 24/PDQ",Candles & Incense,Candles Votives,270,,,,YES
302021,85249,"Frosted Scented Votive Candle, 2""H, Warm Sandalwood, 24/PDQ",Candles & Incense,Candles Votives,270,,,,YES
302021,85255,"Frosted Scented Votive Candle, 2""H, Vanilla Cream, 24/PDQ",Candles & Incense,Candles Votives,270,,,,YES
302021,CA09530-5,KG Radiance 4Pk 24Hr Min Lites Clear (Az),Candles & Incense,Candles Votives,270,,,,YES
302021,33383,"Deco Lite 20LED Starry String Lights, w/Timer, Submersible, Warm Wht, B/O (batteries not included, 2xAA)",Home DÃ©cor & Giftware,Decorative Lighting,270,,,,YES
302021,25048,"72-pc Decorative Glass Stones,  Black",Home DÃ©cor & Giftware,Floral - Fillers & Acc.,270,,,,YES
302021,25049,"72-pc Decorative Glass Stones,  Dark Blue",Home DÃ©cor & Giftware,Floral - Fillers & Acc.,270,,,,YES
302021,25050,"72-pc Decorative Glass Stones,  White",Home DÃ©cor & Giftware,Floral - Fillers & Acc.,270,,,,YES
302021,25051,"72-pc Decorative Glass Stones,  Clear",Home DÃ©cor & Giftware,Floral - Fillers & Acc.,270,,,,YES
302021,52781,"Decorative River Stones, Mixed 550g , 3Asst, mesh bag",Home DÃ©cor & Giftware,Floral - Fillers & Acc.,270,,,,YES
302021,66350,"30ml Reed Diffuser, 6Asst scents, blister card",Candles & Incense,"Diffusers, Oil & Room Spray",280,,,,YES
302021,66351,"3pk Fragrance Oil, 3x10ml, 3Asst scents,cbx",Candles & Incense,"Diffusers, Oil & Room Spray",280,,,,YES
302021,83915,"60-pc 10"" Incense Stick, 6 styles,  printed envelope",Candles & Incense,"Diffusers, Oil & Room Spray",280,,,,YES
302021,83917,"40-pc Incense Sticks, 6 col., wbx",Candles & Incense,"Diffusers, Oil & Room Spray",280,,,,YES
302021,88070,"30ml Reed Diffuser, 6asst, boxed  + pdq",Candles & Incense,"Diffusers, Oil & Room Spray",280,,,,YES
302021,88822,"10ml Natural Refresher Oil, Cinnamon Fragrance header sleeve",Candles & Incense,"Diffusers, Oil & Room Spray",280,,,,YES
302021,88824,"10ml Natural Refresher Oil, Lavender Fragrance header sleeve",Candles & Incense,"Diffusers, Oil & Room Spray",280,,,,YES
302021,88827,"10ml Natural Refresher Oil, Rose Fragrance header sleeve",Candles & Incense,"Diffusers, Oil & Room Spray",280,,,,YES
302021,88832,"10ml Natural Refresher Oil, Sea Breeze Fragrance header sleeve",Candles & Incense,"Diffusers, Oil & Room Spray",280,,,,YES
302021,88858,"10ml Natural Refresher Oil,  Vanilla Fragrance, header sleeve",Candles & Incense,"Diffusers, Oil & Room Spray",280,,,,YES
302021,88860,"10ml Natrual Refresher Oil, Fresh  Cut Flower Fragrance,header sleeve",Candles & Incense,"Diffusers, Oil & Room Spray",280,,,,YES
302021,TU007015,"IF Line, 9"" 20pcs, Incense Sticks, Black Love, Sleeve Card",Candles & Incense,Incense,280,,,,YES
302021,TU007107,"IF Line, 9"" 20pcs, Incense Sticks, Good Luck, Sleeve Card",Candles & Incense,Incense,280,,,,YES
302021,TU007114,"IF Line, 9"" 20pcs, Incense Sticks, Good Health, Sleeve Card",Candles & Incense,Incense,280,,,,YES
302021,TU012678,"Tulasi, 9"" 8 pcs, Incense Sticks, Camomile, 25/display box",Candles & Incense,Incense,280,,,,YES
302021,TU013576,"Tulasi, 9"" 8 pcs, Incense Sticks, Spearmint, 25/display box",Candles & Incense,Incense,280,,,,YES
302021,TU013613,"Tulasi, 9"" 8 pcs, Incense Sticks, Magnolia, 25/display box",Candles & Incense,Incense,280,,,,YES
302021,TU013897,"Tulasi, 9"" 8 pcs, Incense Sticks, Yellow Rose, 25/display box",Candles & Incense,Incense,280,,,,YES
302021,TU014719,"Tulasi, 9"" 8 pcs, Incense Sticks, White Musk, 25/display box",Candles & Incense,Incense,280,,,,YES
302021,TU218107,"MS, 9"" 8 pcs, Incense Sticks , Fresh Linen,  25/display box",Candles & Incense,Incense,280,,,,YES
302021,TU218169,"MS, 9"" 8 pcs, Incense Sticks, Lily of the Valley, 25/display box",Candles & Incense,Incense,280,,,,YES
302021,TU218213,"MS, 9"" 8 pcs, Incense Sticks, Opium, 25/display box",Candles & Incense,Incense,280,,,,YES
302021,TU218336,"MS, 9"" 8 pcs, Incense Sticks, Eucalyptus, 25/display box",Candles & Incense,Incense,280,,,,YES
302021,20052,"B/O Mini Alarm Clock, 4 col, pvc box, 24/pdq w/tray & label",Clocks,Alarm,290,,,,YES
302021,HO80056-5,"KG Temple 12"" Wall Clock - Blue Cetecean Blue And Silver 12In (Az)",Clocks,"Wall - 12"" to 16""",290,,,,YES
302021,HO87310-1,"KG Synchro Silent 12"" Wall Clock (NON-TICKING)-BLACK, 0.75in D (AZ)",Clocks,"Wall - 12"" to 16""",290,,,,YES
302021,HO87504-4,"KG Synchro Silent 12"" Wall 12/24  BLACK (NON-TICKING) (AZ)",Clocks,"Wall - 12"" to 16""",290,,,,YES
302021,HO20584-1,"KG Theo 7.5""Quartz Wall Clock,3C 3 Col Black,Green,Blue (Az)",Clocks,"Wall - under 12""",290,,,,YES
302021,HO80000-8,"KG Reno 10"" Wall Clock - Black (T Az)",Clocks,"Wall - under 12""",290,,,,YES
302021,HO80001-5,"KG Reno 10"" Wall Clock - White (T Az)",Clocks,"Wall - under 12""",290,,,,YES
302021,HO87362-0,"KG Aster 10"" Wall Clock - Black 1.5in DEEP (T AZ)",Clocks,"Wall - under 12""",290,,,,YES
302021,HO87363-7,"KG Aster 10"" Wall Clock  - White 1.5in DEEP (T AZ)",Clocks,"Wall - under 12""",290,,,,YES
302021,HO87364-4,"KG Aster 10"" Wall Clock -Silver 1.5in DEEP (T AZ)",Clocks,"Wall - under 12""",290,,,,YES
302021,HO87477-1,"KG Galvin 12"" Outdoor Wall Clock W/TEMP & HUMID GAUGES-Galvaniz (T AZ)",Clocks,"Wall - under 12""",290,,,,YES
302021,HO87479-5,"KG Metz Outdoor 9"" Wall Clock W/TEMP & HUMIDITY GAUGES-BLACK (T AZ)",Clocks,"Wall - under 12""",290,,,,YES
302021,89501,"H.E. 4"" Plastic Easel, t.o.c.",Home DÃ©cor & Giftware,Hooks & Hardware,291,,,,YES
302021,89502,"H.E. 7"" Plastic Easel, t.o.c.",Home DÃ©cor & Giftware,Hooks & Hardware,291,,,,YES
302021,89503,"H.E. 10"" Plastic Easel, t.o.c.",Home DÃ©cor & Giftware,Hooks & Hardware,291,,,,YES
302021,65041,"4""X6"" PVC Photo Album, Holds 36 Photos, 4 styles, 48/dsp",Photo Frames,Albums,291,,,,YES
302021,PH43562-0,KG 100 Pkt 4X6 Photo Album-Black W/WINDOW & DUST JACKET (AZ),Photo Frames,Albums,291,,,,YES
302021,PH43563-7,KG 100 Pkt 4X6 Photo Album-White W/WINDOW & DUST JACKET (AZ),Photo Frames,Albums,291,,,,YES
302021,PH43566-8,KG 200 Pkt 4X6 Photo Album-Black W/2 WINDOWS & DUST JACKET (AZ),Photo Frames,Albums,291,,,,YES
302021,PH43567-5,"KG 200 Pkt 4X6"" Photo Album-White W/2 WINDOWS & DUST JACKET (AZ)",Photo Frames,Albums,291,,,,YES
302021,PH43910-9,"KG 36 Pkt 4X6Photo Album- 4 colours 3 Ply PP Inner,Weld bound (AZ)",Photo Frames,Albums,291,,,,YES
302021,PH43914-7,"KG 400 Pocket Photo Album W/Cd POCKET/DUST JACKET,COOL GREY (AZ)",Photo Frames,Albums,291,,,,YES
302021,PH41668-1,"KG Family 10 Ptos 14.5X28.5 Collage BLK, (4-5X7"" & 6-4X6"") ( LD S1 S2 )",Photo Frames,Collage,291,,,,YES
302021,PH43823-2,"KG Lucy 8X20"" (4-4X6"")  Collage DARK BROWN, GOLD BEADING ( LD S4 )",Photo Frames,Collage,291,,,,YES
302021,PH30414-8,"KG Glass Photo Clip Frame 16X20"" (AZ)  (LD xx)",Photo Frames,"Size - 11"" x 14"" and up",291,,,,YES
302021,55385,"2""x3"" Ivorylike Mermaid Photo  Frame, 2 styles",Photo Frames,"Size - 2"" x 3""",291,,,,YES
302021,PH42160-9,"KG Acrylic Magnetic Frame 2.5X3.5"" SQ FROSTED EDGE ( LD )",Photo Frames,"Size - 2"" x 3""",291,,,,YES
302021,55447,"4x6"" Polyresin Mermaid Photo Frame,  4 styles,  gift box",Photo Frames,"Size - 4"" x 6""",291,,,,YES
302021,57303,"4x6"" Shirt Des. Photo Frame,  Polyresin, 4 styles,  box",Photo Frames,"Size - 4"" x 6""",291,,,,YES
302021,PH30406-3,"KG Glass Photo Clip Frame  4X6"" (AZ)",Photo Frames,"Size - 4"" x 6""",291,,,,YES
302021,PH42110-4,"KG Acrylic Magnet Photo Frame 4X6"" SQ FROSTED EDGE ( LD )",Photo Frames,"Size - 4"" x 6""",291,,,,YES
302021,PH43180-6,"KG PS Acrylic V-Dual Frame 4x6""",Photo Frames,"Size - 4"" x 6""",291,,,,YES
302021,PH43181-3,"KG PS Acrylic V-Dual Frame 5x7"" (AZ)",Photo Frames,"Size - 4"" x 6""",291,,,,YES
302021,PH43184-4,"KG Acrylic L Shape Photo Frame 4X6"" ( LD S6 )",Photo Frames,"Size - 4"" x 6""",291,,,,YES
302021,PH43188-2,"KG Acrylic L Shape Photo Frame 6X4"" ( LD S6 )",Photo Frames,"Size - 4"" x 6""",291,,,,YES
302021,65100,"5x7"" Photo Frame, Weathered-look, 3col,  shrink/pdq",Photo Frames,"Size - 5"" x 7""",291,,,,YES
302021,PH30407-0,"KG Glass Photo Clip Frame 5X7"" (AZ)",Photo Frames,"Size - 5"" x 7""",291,,,,YES
302021,PH43185-1,"KG Acrylic L Shape Photo Frame 5X7"" ( LD S6 )",Photo Frames,"Size - 5"" x 7""",291,,,,YES
302021,PH43189-9,"KG Acrylic L Shape Photo Frame 7X5"" ( LD S6 )",Photo Frames,"Size - 5"" x 7""",291,,,,YES
302021,PH43742-6,"KG Georgia Black Frame 5X7"" Glass Cover ( LD S5 )",Photo Frames,"Size - 5"" x 7""",291,,,,YES
302021,PH43816-4,"KG Lucy 5X7"" Frame, Dark Brown W/GOLD BEADING ( LD S6 )",Photo Frames,"Size - 5"" x 7""",291,,,,YES
302021,PH43846-1,"KG Reagan Black Frame 5X7"" Glass Cover ( LD S1 )",Photo Frames,"Size - 5"" x 7""",291,,,,YES
302021,PH44037-2,"KG Claire 5X7"" Frame, Black W/RAISED LEAF BORDER (AZ)",Photo Frames,"Size - 5"" x 7""",291,,,,YES
302021,PH44357-1,"KG Hertle Floating Frame - Gunmetal S.STEEL,FOR 4X6 / 5X7 (AZ)",Photo Frames,"Size - 5"" x 7""",291,,,,YES
302021,65066,"Gallery Frame 8x10"", White, PS, shrink wrap + pdq",Photo Frames,"Size - 8"" x 10""",291,,,,YES
302021,PH30408-7,"KG Glass Photo Clip Frame 8X10"" (AZ)",Photo Frames,"Size - 8"" x 10""",291,,,,YES
302021,PH43186-8,"KG Acrylic L Shape Pic Frame 8X10"" ( LD S6 )",Photo Frames,"Size - 8"" x 10""",291,,,,YES
302021,PH43190-5,"KG Acrylic L Shape Pic Frame 10X8"" (AZ)",Photo Frames,"Size - 8"" x 10""",291,,,,YES
302021,PH43743-3,"KG Georgia Black Frame 8X10"" Glass Cover ( LD S5 )",Photo Frames,"Size - 8"" x 10""",291,,,,YES
302021,PH43746-4,"KG Georgia White Frame 8X10"" Glass Cover ( LD S5 )",Photo Frames,"Size - 8"" x 10""",291,,,,YES
302021,PH43817-1,"KG Lucy 8X10"" Frame, Dark Brown W/GOLD BEADING ( LD S5 )",Photo Frames,"Size - 8"" x 10""",291,,,,YES
302021,PH43847-8,"KG Reagan Black Frame 8X10"" BLACK ( LD S1 )",Photo Frames,"Size - 8"" x 10""",291,,,,YES
302021,54198,"P/S 2X3"" ANGEL PHOTO FRAME, 2/S",Photo Frames,Size - Others,291,,,,YES
302021,55299,"2x3.5"" Elegant Angel Photo Frame,  Polyresin, 4 styles. brown box",Photo Frames,Size - Others,291,,,,YES
302021,55304,"3.5x5"" Elegant Angel Photo Frame,  Polyresin, 2 styles, gift box",Photo Frames,Size - Others,291,,,,YES
302021,55386,"6"" Ivorylike Mermaid Photo Frame,  2 styles, white box",Photo Frames,Size - Others,291,,,,YES
302021,57451,"2.5""x3.5"" Pet Photo Frame w/Pet Photo on Top, 8 styles, b/c",Photo Frames,Size - Others,291,,,,YES
302021,PH43819-5,"KG Lucy 10X13"" Frame, Dark Brown W/GOLD BEADING (AZ)",Photo Frames,Size - Others,291,,,,YES
302021,57602,"Document Frame, 8.5x11"", Black PS, shrink, Glass Cover",Photo Frames,"Size-Document(8.5""x11"")",291,,,,YES
302021,57603,"Document Frame, 8.5x11"", Woodgrain MDF, Glass Cover shrink ( LD S5 )",Photo Frames,"Size-Document(8.5""x11"")",291,,,,YES
302021,57608,"KG Value Document Frame 11x14"" Matt 8.5x11"" Black Woodgrain PS,",Photo Frames,"Size-Document(8.5""x11"")",291,,,,YES
302021,PH30409-4,"KG Glass Doc Clip Frame 8.5X11"" CLEAR (AZ)  (LD xx)",Photo Frames,"Size-Document(8.5""x11"")",291,,,,YES
302021,PH30410-0,"KG 2Pk Glass Doc Clip Frame 8.5X11"" FRAME (AZ)  (LD xx)",Photo Frames,"Size-Document(8.5""x11"")",291,,,,YES
302021,PH40332-2,"KG Morgan Frame, 10.5X13"" 8.5X11"" DBL MATT, WHITE ( LD S5 )",Photo Frames,"Size-Document(8.5""x11"")",291,,,,YES
302021,PH43010-6,"KG Caspian 8.5X11 Document Frame BLACK , PS ( LD S2 )",Photo Frames,"Size-Document(8.5""x11"")",291,,,,YES
302021,PH43134-9,"KG Caspian 11X14"" Doc Frame FRAME (8.5X11)-BLACK, PS (AZ)  (LD xx)",Photo Frames,"Size-Document(8.5""x11"")",291,,,,YES
302021,PH44356-4,"KG Sydel 8.5X11"" Document Frame GOLD, (#57605) (AZ)",Photo Frames,"Size-Document(8.5""x11"")",291,,,,YES
302021,83253,"H.E. 500ml Dish Soap, Colour Label, Lemon scent (83690)",Everyday Household,Cleaning Supplies,298,,,,YES
302021,83906,"H.E. 8-pc HDSteel Wool Soap Pads, colour box",Everyday Household,Cleaning Supplies,298,,,,YES
302021,81020,"H.E. Room Dehumidifier, 400ml",Everyday Household,Houseware,298,,,,YES
302021,81137,"H.E., 12oz Crystal Beads Air  Freshener, 4 Scents, colour label",Everyday Household,Houseware,298,,,,YES
302021,70226,"L.Gourmet 4-pk Microfibre Cleaning Cloth,11.75x11.75"",col.box(CS)",Everyday Household,Cleaning Supplies,299,,,,YES
302021,70229,"L.Gourmet Silicone Sink Tray, 9"" x 3.5"", 3/s , tie card (CS)",Everyday Household,Cleaning Supplies,299,,,,YES
302021,70310,"L.Gourmet, 4-pk Microfibre Dish Cloth,11.75""x11.75"",header card",Everyday Household,Cleaning Supplies,299,,,,YES
302021,83049,"H.E. 2-PC Premium Microfiber Cloth , H/C, 2 Asst., 30cm x 35cm (CS)",Everyday Household,Cleaning Supplies,299,,,,YES
302021,83073,"H.E.  Rubber Sink Mat  12-3/8""x10"",  2 col., header card",Everyday Household,Cleaning Supplies,299,,,,YES
302021,83133,"H.E. 6-PC Wire Mesh Cleaning Cloth, 7.9"" x 7.9"", Header card",Everyday Household,Cleaning Supplies,299,,,,YES
302021,83218,"H.E. Scented Wipes 6-PC,Lemon scented, 23""x11.6""",Everyday Household,Cleaning Supplies,299,,,,YES
302021,83219,"H.E. Reusable Wipes 4-PC, 11.8""x19.7"", Printed bag",Everyday Household,Cleaning Supplies,299,,,,YES
302021,83224,"H.E. Dust Cleaning Sponge 2 colors, Window box",Everyday Household,Cleaning Supplies,299,,,,YES
302021,83314,"H.E. Multi-purpose Reusable Wipes, 20-pc. 13""x12"" each, shrink wrap",Everyday Household,Cleaning Supplies,299,,,,YES
302021,83439,"H.E., Absorbent Magic Cloth, 2/c, pbh (A385768)",Everyday Household,Cleaning Supplies,299,,,,YES
302021,83564,"H.E.  Microfibre Cleaning Cloth, 4 styles, hanging card",Everyday Household,Cleaning Supplies,299,,,,YES
302021,83573,"H.E. 2-PC Reusable Sponge Cloths 7.8x6.7""",Everyday Household,Cleaning Supplies,299,,,,YES
302021,89102,"H.E., Window Squeegee Colour Box",Auto,Car washing & cleaning,300,,,,YES
302021,70507,"PURE 2-pc Reusable Straw Cleaning Brush, 2 col., b/c (CS)",Everyday Household,Cleaning Supplies,300,,,,YES
302021,70526,"PURE, 12.5"" Deluxe Bottle Brush, 2 colours, tag (CS)",Everyday Household,Cleaning Supplies,300,,,,YES
302021,70594,"L.Gourmet Bottle/Glass Decanter Washing Brush, 32cm L, t.o.c.(CS)",Everyday Household,Cleaning Supplies,300,,,,YES
302021,70699,"L. Gourmet Soft Tip Brush, t.o.c. (HZ) (CS)",Everyday Household,Cleaning Supplies,300,,,,YES
302021,70753,"H.E. 2-pc Deep Clean Brush set 17/19cm L, t.o.c.",Everyday Household,Cleaning Supplies,300,,,,YES
302021,70856,"L.Gourmet White Wine Glass Foam Glass Cleaning  Brush, 25.5cm L, t.o.c.",Everyday Household,Cleaning Supplies,300,,,,YES
302021,70877,"Pure, Silicone Bottle Brush with Straw Cleaner, t.o.c. (CS)",Everyday Household,Cleaning Supplies,300,,,,YES
302021,70886,"L.Gourmet 12""L Sponge Brush, tie on card",Everyday Household,Cleaning Supplies,300,,,,YES
302021,70931,"L.Gourmet Cutlery Brush, 2 colors, t.o.c.",Everyday Household,Cleaning Supplies,300,,,,YES
302021,70955,"L.Gourmet Dual-Headed Grill Brush w/ Handle, 18x10x8.5cm, header card",Everyday Household,Cleaning Supplies,300,,,,YES
302021,80326,"Luciano  3-pc S/S Scourer, b/c (CS)",Everyday Household,Cleaning Supplies,300,,,,YES
302021,80328,"Luciano  8-pc. Steel Wool, printed bag",Everyday Household,Cleaning Supplies,300,,,,YES
302021,80492,"Luciano  Bottle Brush w/Plastic Handle, 2 col.,  t.o.c.",Everyday Household,Cleaning Supplies,300,,,,YES
302021,80578,"Luciano TPR Scrubber Brush, 24x5.3cm, 2 col., t.o.c. (CS)",Everyday Household,Cleaning Supplies,300,,,,YES
302021,80579,"Luciano TPR Bottle Brush, 34x4.5cm, 2 col., t.o.c. (CS)",Everyday Household,Cleaning Supplies,300,,,,YES
302021,80582,"Luciano Silicone Sink Corner Strainer,2/C,trap blister",Everyday Household,Cleaning Supplies,300,,,,YES
302021,80584,"Luciano Kitchen Squeegee, 11.5x 9.5cm, blister card",Everyday Household,Cleaning Supplies,300,,,,YES
302021,80702,"Luciano, Soap Dispensing Dish Brush 3 colours, t.o.c. (CS)",Everyday Household,Cleaning Supplies,300,,,,YES
302021,80791,"Luciano 3-pc Plastic Dish Brushes Set, 3 colours, toc (HZ)",Everyday Household,Cleaning Supplies,300,,,,YES
302021,80949,"Luciano  3-pc Wire Scrubber,  printed bag",Everyday Household,Cleaning Supplies,300,,,,YES
302021,81012,"H.E., Fashion Printed Waste Bin, 2 Styles, label",Everyday Household,Cleaning Supplies,300,,,,YES
302021,81013,"H.E., Plastic Brush w/Scraper, 2 Colours, tag",Everyday Household,Cleaning Supplies,300,,,,YES
302021,81014,"H.E., Plastic Brush w/Round Head, 2 Colours, tag",Everyday Household,Cleaning Supplies,300,,,,YES
302021,83003,"H.E. Toilet Brush With Holder L:14"", polybag w/ header card",Everyday Household,Cleaning Supplies,300,,,,YES
302021,83009,"H.E. Shoe Sole Brush, T.O.C.",Everyday Household,Cleaning Supplies,300,,,,YES
302021,83110,"Extendable Static Duster,  34"" to 49"", 2 colours, printed bag",Everyday Household,Cleaning Supplies,300,,,,YES
302021,83132,"H.E. 3-PC Eraser Sponge, Printed Bag (to replace 83901)",Everyday Household,Cleaning Supplies,300,,,,YES
302021,83140,"H.E.  3-pc Mini Bottle Brushes, t.o.c.",Everyday Household,Cleaning Supplies,300,,,,YES
302021,83316,"H.E.  3-pc Heavy Duty Scrub Pads,  printed opp bag",Everyday Household,Cleaning Supplies,300,,,,YES
302021,83317,H.E.  2-pc Super H/D Wire Scrubbers   printed opp bag,Everyday Household,Cleaning Supplies,300,,,,YES
302021,83368,"H.E.  Hand Scrubber, 4 colours, tag (see BSI573-1)",Everyday Household,Cleaning Supplies,300,,,,YES
302021,83471,"H.E.  Sink Brush, slide b/c",Everyday Household,Cleaning Supplies,300,,,,YES
302021,83569,"H.E.  Microfibre Blind Cleaner, 2 col., t.o.c. (DCS)",Everyday Household,Cleaning Supplies,300,,,,YES
302021,83572,"H.E. Dual Side Tile and Grout Brush L:9.2"", Tie on Card",Everyday Household,Cleaning Supplies,300,,,,YES
302021,83574,"H.E. Wine Glass Sponge, 2 Col. Pink and Green, Thickness 3cm",Everyday Household,Cleaning Supplies,300,,,,YES
302021,83576,"H.E., 3pk Scrubber Sponge, 9x6.5x4cm, printed opp bag(CS)",Everyday Household,Cleaning Supplies,300,,,,YES
302021,83583,"H.E. Cleaning Scraper L:6.8"", Tie on card (DCS)",Everyday Household,Cleaning Supplies,300,,,,YES
302021,83637,H.E.  2-pc Scrubber Brushes. t.o.c.,Everyday Household,Cleaning Supplies,300,,,,YES
302021,83658,"H.E.  6-pc Dlx. Plastic Scourers, opp bag",Everyday Household,Cleaning Supplies,300,,,,YES
302021,83671,"H.E.  4-pc. Brush Set,  vinyl bag w/ header",Everyday Household,Cleaning Supplies,300,,,,YES
302021,83687,"Action-1 2pc Scouring Pads 18x9.5cm, 2 cols (CS)",Everyday Household,Cleaning Supplies,300,,,,YES
302021,83830,"H.E., Track Cleaning Brush, White Handle, t.o.c.",Everyday Household,Cleaning Supplies,300,,,,YES
302021,83901,"H.E.  2-pc Eraser Sponges, col. Box (to be replaced by 83132)",Everyday Household,Cleaning Supplies,300,,,,YES
302021,91069,"Action-1, 2-PC Scrubbing Sponge, Sleeve Card",Everyday Household,Cleaning Supplies,300,,,,YES
302021,91070,"Action-1, 2-PC Double Sided Scouring Sponge, Sleeve Card",Everyday Household,Cleaning Supplies,300,,,,YES
302021,91093,H.E. 3-PC Silicone Scrubber Hanging Card (CS),Everyday Household,Cleaning Supplies,300,,,,YES
302021,91130,"Action-1 12-PC Scouring Pads, 5.9"" x 4"" x 0.2."", Printed bag (to replace RS1903)",Everyday Household,Cleaning Supplies,300,,,,YES
302021,91211,"Action 1, All-purpose brush w/ mini scrubber, hang tag",Everyday Household,Cleaning Supplies,300,,,,YES
302021,91212,"Action 1, Soap Pump Palm Brush, 4 col, t.o.c.",Everyday Household,Cleaning Supplies,300,,,,YES
302021,91213,"Action 1, Bottle Brush , hangtag (BSI570)",Everyday Household,Cleaning Supplies,300,,,,YES
302021,91499,"Action 1, Handy Scrub Brush,3 Col., T.O.C., 6/Clip Strip(CS)",Everyday Household,Cleaning Supplies,300,,,,YES
302021,91689,"Action-1 6-PC Stainless Steel Scourers, Printed Bag, Silver,",Everyday Household,Cleaning Supplies,300,,,,YES
302021,91691,"Action-1 2-PC Dish Sponge, Printed Bag, 2 Asst.",Everyday Household,Cleaning Supplies,300,,,,YES
302021,91692,"Action-1 2-PC Scrubbing Dish Sponge Printed Bag, 2 Asst.",Everyday Household,Cleaning Supplies,300,,,,YES
302021,91694,"Action-1 2-PC S.S. Scrubbing Sponge Wrap Card, 2 Asst.(CS)",Everyday Household,Cleaning Supplies,300,,,,YES
302021,92011,"Action-1 3-PC Scrub Scourers, Wrap Card, 15X9X2.2CM",Everyday Household,Cleaning Supplies,300,,,,YES
302021,92052,"H.E. Bamboo Fruit Brush, Wrap Card",Everyday Household,Cleaning Supplies,300,,,,YES
302021,92066,"H.E. 18"" Bamboo cleaning brush Tie on card",Everyday Household,Cleaning Supplies,300,,,,YES
302021,92072,"H.E. Dish Brush w/Scraper Tip Tie on card, 2 colors",Everyday Household,Cleaning Supplies,300,,,,YES
302021,92073,"H.E. Silicone Sink Faucet Mat 14.3x5.5"", 3 col., Color box(CS)",Everyday Household,Cleaning Supplies,300,,,YES,YES
302021,92076,"H.E. Silicone Sink Tray L:9.6"",2 cols, Wrap card(CS)",Everyday Household,Cleaning Supplies,300,,,YES,YES
302021,92085,"H.E. 27.5"" Dryer Lint Brush polybag with header card",Everyday Household,Cleaning Supplies,300,,,,YES
302021,92087,"H.E. Matt Black Hand Brush w/ Bamboo handle,L: 5.3""",Everyday Household,Cleaning Supplies,300,,,,YES
302021,92089,"H.E. Matt Black All Purpose Brush w/Bamboo Handle L:11.2""",Everyday Household,Cleaning Supplies,300,,,,YES
302021,92090,"H.E. Matt Black Dish Brush w/ Bamboo handle, L:10""(CS)",Everyday Household,Cleaning Supplies,300,,,,YES
302021,92091,"H.E. Matt Black Window Squeegee w/ Bamboo handle, L:9""",Everyday Household,Cleaning Supplies,300,,,,YES
302021,92100,"H.E. Tile and Grout Brush L:11"", TOC",Everyday Household,Cleaning Supplies,300,,,,YES
302021,92112,"H.E. Sink & Bathtub Brush L:10.6"", Hangtag",Everyday Household,Cleaning Supplies,300,,,,YES
302021,92121,"H.E. Scrub Pad with Handle L:5.7"", 3 colors",Everyday Household,Cleaning Supplies,300,,,,YES
302021,92145,"H.E. Silicone Soap Dish Holder, 4.4""x 3.1""x0.4"".",Everyday Household,Cleaning Supplies,300,,,,YES
302021,92162,"H.E. Counter Organizer, 9"" x 5.5"" x 0.8"",  Black and Grey, Sleeve card",Everyday Household,Cleaning Supplies,300,,,,YES
302021,93141,"Luciano All Purpose Scouring Brush, 3 colours, t.o.c.",Everyday Household,Cleaning Supplies,300,,,,YES
302021,RS1901,"9.5"" Large Auto Sponge  Yellow",Everyday Household,Cleaning Supplies,300,,,YES,YES
302021,RS1903,"12-Pk 4"" Scouring Pads (to be replaced by 91130)",Everyday Household,Cleaning Supplies,300,,,YES,YES
302021,RS1920,"4-Pk Cellulose Scrubbing Sponges L:4.1"" polybag",Everyday Household,Cleaning Supplies,300,,,YES,YES
302021,RS1923,8-Pack Sponges,Everyday Household,Cleaning Supplies,300,,,YES,YES
302021,RS1934,12-Pack Deluxe Scrubbing Sponges,Everyday Household,Cleaning Supplies,300,,,YES,YES
302021,BSI56,"Chrome Suction Cup Holder, h/c",Everyday Household,Houseware,300,,,,YES
302021,BSI60,"Over-The-Door Portable Hook, b/c",Everyday Household,Houseware,300,,,,YES
302021,BSI61,"Over-The-Door Rack, b/c",Everyday Household,Houseware,300,,,,YES
302021,83321,"H.E.  2-pc Dryer Balls, CBX, 2/C (CS)",Laundry,Prep and Storage,300,,,,YES
302021,83450,H.E. 2-pc Wool Dryer Balls Sheep print,Laundry,Prep and Storage,300,,,,YES
302021,83451,"H.E. 2-pc Wool Dryer Balls Grey Marble print, col. box",Laundry,Prep and Storage,300,,,,YES
302021,83586,"H.E. 4-PC Laundry Hair Lint Catcher Dia 3.5cm, 2 cols, Double blister",Laundry,Prep and Storage,300,,,,YES
302021,91230,"H.E. Floating Lint Catcher, PBH , 2/C",Laundry,Prep and Storage,300,,,,YES
302021,74664,"Bodico, Matte Black Soap Dish pvc header",Personal Care,Bathroom Accessories,300,,,,YES
302021,74665,"Bodico,Matte Blk Toilet pap Holder hang tag",Personal Care,Bathroom Accessories,300,,,,YES
302021,78135,"Bodico, Matte Double Hook, 7x5x12cm Strong Suction, max 2kg, card",Personal Care,Bathroom Accessories,300,,,,YES
302021,78136,"Bodico, Matte Hand Towel holder, max 2kg, Suction, 14x11x14.5cm",Personal Care,Bathroom Accessories,300,,,,YES
302021,78145,"Bodico, 3-Hook & Razor Holder Secure Suction,9.3*7.5*7cm, card",Personal Care,Bathroom Accessories,300,,,,YES
302021,78296,"Bodico, Bar Soap Vertical Holder ,w Suction,clear,9x9x5cm,",Personal Care,Bathroom Accessories,300,,,,YES
302021,83107,"H.E.  Suction Soap Dish, t.o.c.",Personal Care,Bathroom Accessories,300,,,,YES
302021,83630,"H.E. Bathroom Organizer w/Suction  cup, 2 sizes",Personal Care,Bathroom Accessories,300,,,,YES
302021,81009,"H.E., Stylish 36"" Broom w/Printed Handle, 4 Styles, tag",Everyday Household,Cleaning Supplies,301,,,,YES
302021,83076,"H.E.  Pl. Shower Squeegee w/ Self-adhesive Hook, b/c",Everyday Household,Cleaning Supplies,301,,,,YES
302021,83116,"H.E. Soft Bristle Brush w/ Dust Pan, 2 cols, Color box (DCS)",Everyday Household,Cleaning Supplies,301,,,,YES
302021,83155,"H.E.  8""Wx48""H Broom w/Handle,",Everyday Household,Cleaning Supplies,301,,,,YES
302021,83161,"H.E.  46""L Broom w/ Handle,  3 col.,  tag",Everyday Household,Cleaning Supplies,301,,,,YES
302021,83467,"H.E., Window Screen Brush, t.o.c.",Everyday Household,Cleaning Supplies,301,,,,YES
302021,83817,"Action-1, 13.5"" Window Squeegee, sleeve round card",Everyday Household,Cleaning Supplies,301,,,,YES
302021,83841,"Action-1, 51""L Broom w/Stainless Steel Handle, sleeve card",Everyday Household,Cleaning Supplies,301,,,,YES
302021,83844,"H.E., Kids Dustpan w/Brush, 2 Colours: Red, Blue, tag",Everyday Household,Cleaning Supplies,301,,,,YES
302021,83876,"H.E., 12""L Multi-purpose Squeegee, t.o.c.",Everyday Household,Cleaning Supplies,301,,,,YES
302021,91209,"Action 1, Window Squeegee, label (BSI17)",Everyday Household,Cleaning Supplies,301,,,,YES
302021,91210,"Action 1, Dustpan and brush set, 4 color, label (BSI547)",Everyday Household,Cleaning Supplies,301,,,,YES
302021,91214,"Action 1, Mini Dustpan w/ Brush 4 col, wrap card",Everyday Household,Cleaning Supplies,301,,,,YES
302021,91586,"Action 1, Dustpan & Brush Set, Hang Tag",Everyday Household,Cleaning Supplies,301,,,,YES
302021,92022,"H.E. Shower Squeegee w/ Suction Hook, 7""x9.6"", Hanging Card (CS)",Everyday Household,Cleaning Supplies,301,,,,YES
302021,83040,"H.E. 47"" Metal Broom Handle, Suitable for item 91150 and 91151",Everyday Household,Houseware,301,,,,YES
302021,83033,"H.E.  19.5""L Toilet Plunger, with Wdn. Handle, label",Everyday Household,Cleaning Supplies,302,,,,YES
302021,83134,"H.E. 14.5"" Toilet Brush With Holder Sleeve card",Everyday Household,Cleaning Supplies,302,,,,YES
302021,83565,"H.E. Toilet Brush, White, polybag",Everyday Household,Cleaning Supplies,302,,,,YES
302021,83566,"Action-1 5""Dia x16.5""H Toilet Brush w/Holder, 2 col., tag",Everyday Household,Cleaning Supplies,302,,,,YES
302021,83847,"Action-1,14""L Toilet Brush w/Holder, White (A3-14852)",Everyday Household,Cleaning Supplies,302,,,,YES
302021,RS2054,"29"" Long Handle Dust Pan",Everyday Household,Cleaning Supplies,302,,,,YES
302021,91158,"Action-1, 24"" 2-in-1 Plunger Color label",Everyday Household,Houseware,302,,,,YES
302021,92116,"H.E. Sink Plunger H:9.8"", Hangtag",Everyday Household,Houseware,302,,,,YES
302021,80237,"Luciano 2-pc 12x12"" Striped Waffle Dish Cloth,3 cols.,20g / pc",Everyday Household,Cleaning Supplies,305,,,,YES
302021,80238,"Luciano  15x25"" Striped Waffle Tea Towel, 3 cols., 50g",Everyday Household,Cleaning Supplies,305,,,,YES
302021,83577,"H.E.  Lint Brush w/Rotating Head, b/c",Everyday Household,Cleaning Supplies,305,,,,YES
302021,74974,"PEVA 70x72"" Shower Curtain with leaves, Header w Hanger, Horizontal Design",Personal Care,Bathroom Accessories,306,,,,YES
302021,74976,"Bodico, PEVA 70x72"" Marble Shower Curtain , Header w Hanger",Personal Care,Bathroom Accessories,306,,,,YES
302021,78186,"Bodico, PEVA Shower Curtain Silver,70x72"", hanger w header",Personal Care,Bathroom Accessories,306,,,,YES
302021,78187,"Bodico, PEVA Shower Curtain, Aqua Dot,70x72"", hanger w header",Personal Care,Bathroom Accessories,306,,,,YES
302021,78188,"Bodico, PEVA Shower Curtain, Grey,70x72"", hanger w header",Personal Care,Bathroom Accessories,306,,,,YES
302021,78331,"Bodico, PEVA Shower Curtain, Floral 70x72"", hanger",Personal Care,Bathroom Accessories,306,,,,YES
302021,78332,"Bodico, PEVA Shower Curtain, Blue Foliage, 70x72"", hanger",Personal Care,Bathroom Accessories,306,,,,YES
302021,82015,"Bodico 4-pc Pvc Bath Appliques,  2 styles, 2col., b/c",Personal Care,Bathroom Accessories,306,,,,YES
302021,83974,"Bodico 70.5""x70.5"" Shower Curtain,  with Hooks,3 styles, clam pack",Personal Care,Bathroom Accessories,306,,,,YES
302021,83975-CR,"Bodico 70x72""Vinyl Shower Curtain clear, 80gm, pvc",Personal Care,Bathroom Accessories,306,,,,YES
302021,83975-WH,"Bodico 70x72""Vinyl Shower Curtain white, 80gm, pvc",Personal Care,Bathroom Accessories,306,,,,YES
302021,83979-FR,"Bodico 70x72"" PEVA Shower Curtain Liner w magnets, semi transparent",Personal Care,Bathroom Accessories,306,,,,YES
302021,83979-WH,"Bodico 70x72"" PEVA Shower Curtain Liner w magnets, white, 27gm",Personal Care,Bathroom Accessories,306,,,,YES
302021,80627,"Luciano Soap Pump Caddy, 2 colours, colour box",Everyday Household,Cleaning Supplies,308,,,,YES
302021,07206,Take-A-Part Key Ring  b/c,Everyday Household,Lanyards & Key Chains,308,,,,YES
302021,07327,"17"" L Happy Face Lanyard w/Hook  & Ring, 2/col. 12/header",Everyday Household,Lanyards & Key Chains,308,,,,YES
302021,07343,"Curly Wrist Keychain, 6 col., t.o.c. (replaced by 07192)",Everyday Household,Lanyards & Key Chains,308,,,,YES
302021,07676,"3-pc Pvc Coil Bracelet w/Keyring,  2 col., b/c",Everyday Household,Lanyards & Key Chains,308,,,,YES
302021,10226,"17"" White Lanyard w/Hook and Ring, 12/header",Everyday Household,Lanyards & Key Chains,308,,,,YES
302021,10358,"17"" Unicorn Printed Lanyard w/clip, 12/Card",Everyday Household,Lanyards & Key Chains,308,,,,YES
302021,10481,"17"" Neon Colour Lanyard, 4 Asst. w/clip, 12/Card",Everyday Household,Lanyards & Key Chains,308,,,,YES
302021,81006,"6pc Key Indicators, b/c",Everyday Household,Lanyards & Key Chains,308,,,,YES
302021,74340,"Bodico, Multi-Purpose Holder w/ Secure Suction, white, col box",Personal Care,Bathroom Accessories,308,,,,YES
302021,74346,"Bodico, Make-up Organizer, 7x7x14cm, col box(HZ)",Personal Care,Bathroom Accessories,308,,,,YES
302021,74591,"Bodico, Marble Like Soap/Lotion Dispenser, 6pcs/PDQ",Personal Care,Bathroom Accessories,308,,,,YES
302021,74668,"Bodico, Sq. Bamboo Container Col box, 9.5x9.5x8.8cm, PS",Personal Care,Bathroom Accessories,308,,,,YES
302021,74912,"Bodico, S 3pc Storage Bin sleeve, 10x10x6cm, PE",Personal Care,Bathroom Accessories,308,,,,YES
302021,74954,"Bodico, 7-Compartment Organizer, white, col box, 14x14x7cm",Personal Care,Bathroom Accessories,308,,,,YES
302021,77398,"Bodico, Soap/Lotion Dispenser, 500ml, 19*7cm, 55g, 2 asst, 12/pdq",Personal Care,Bathroom Accessories,308,,,,YES
302021,77399,"Bodico, Soap Holder w Drain 2 asst(Ratio 4 white: 2 green)",Personal Care,Bathroom Accessories,308,,,,YES
302021,78300,"Bodico, 3-Tier Multi-Use Organizer clear, 22x12x11cm, PS, wrap",Personal Care,Bathroom Accessories,308,,,,YES
302021,78302,"Bodico, Med Stackable Storage w Drawer, clear, 18x13x5cm",Personal Care,Bathroom Accessories,308,,,,YES
302021,78303,"Bodico, Lg Stackable Storage w Drawer, clear, 18x13x10cm",Personal Care,Bathroom Accessories,308,,,,YES
302021,82283,"Bodico, Clear Swab Holder, p/s, plastic, 12/display",Personal Care,Bathroom Accessories,308,,,,YES
302021,82284,"Bodico, Clear Soap/Lotion Dispenser p/s, plastic, 12/display(HZ)",Personal Care,Bathroom Accessories,308,,,,YES
302021,62083,"Canada 21"" Lanyard, size:21""Lx0.8""W 12pcs/header card (H)",Souvenir,Keychains (everyday),308,,,,YES
302021,45152,7pcs Balloons Centerpiece Kit insert card + polybag,Party Supplies,Balloons,330,,,,YES
302021,45153,7pcs Balloons Centerpiece Kit insert card + polybag,Party Supplies,Balloons,330,,,,YES
302021,45154,7pcs Balloons Centerpiece Kit insert card + polybag,Party Supplies,Balloons,330,,,,YES
302021,45205,"Let's Party,12-pc U-corn 12""Balloon Set, insert card+polybag",Party Supplies,Balloons,330,,,,YES
302021,45209,"Let's Party, 12-pc Dino 12"" Balloon Set, insert card+polybag",Party Supplies,Balloons,330,,,,YES
302021,45212,"Let's Party 18"" WELCOME Balloon, helium quality,polybag w/col insert",Party Supplies,Balloons,330,,,,YES
302021,45941,"Let's Party 15-pc Foil Balloon ,Balloons with confetti, Multicolor, w/straw, insert card + polybag",Party Supplies,Balloons,330,,,,YES
302021,45942,"Let's Party 15-pc Foil Balloon ,Balloons with confetti, pink/white, w/straw, insert card + polybag",Party Supplies,Balloons,330,,,,YES
302021,60339,"Let's Party, 11"" Balloon Pump, 2 cols, pbh",Party Supplies,Balloons,330,,,,YES
302021,45263,"8-pc,   8"" Sparkler, printed bag, 100/dsp  (45262)",Party Supplies,Candles & Sparklers,340,,,,YES
302021,07664,"Neon Glo 6-pc. 8"" Bracelet  5 col., foil pack, 48/dsp, (HZ)",Party Supplies,Glow/Light-up,340,,,,YES
302021,07665,"Neon Glo 4"" Light Stick & Necklace,  5 col., foil pack, 48/dsp",Party Supplies,Glow/Light-up,341,,,,YES
302021,07667,"Neon Glo 2-pc. 8"" Bracelet  5 col.,  foil pack, 48/dsp",Party Supplies,Glow/Light-up,341,,,,YES
302021,07669,"Neon Glo Eye-glasses, 5 col., foil pack, 48/dsp, (HZ)",Party Supplies,Glow/Light-up,341,,,,YES
302021,07671,"Neon Glo One-piece 22"" Necklace, 5 col., foil pack, 48/dsp, (HZ)",Party Supplies,Glow/Light-up,341,,,,YES
302021,07672,"Neon Glo 11"" Necklace,5/C Foil pack,48/dsp , (HZ)",Party Supplies,Glow/Light-up,341,,,,YES
302021,07831,"Neon Glo 8"" Stick, 5 col., foil pack, 48/dsp, (HZ)",Party Supplies,Glow/Light-up,341,,,,YES
302021,45251,"Mini Beer Pong Party Game, 3 balls, 12(2oz) cups,will replace 45250(CS)",Party Supplies,Partyware,345,,,,YES
302021,45940,"Let's Party 20-pc Paper Blowouts Whistles, pbh",Party Supplies,Partyware,345,,,,YES
302021,45943,"Let's Party Happy Birthday Metallic Foil Confetti, Multicolor, 30g, pbh",Party Supplies,Partyware,345,,,,YES
302021,45944,"Let's Party Birthday Party Pack, Birthday Badge, Multicolor Metallic Foil Confetti, Birthday Banner, pbh",Party Supplies,Partyware,345,,,,YES
302021,60029,"Lootbag Exp. Pull-Back Police Car, 3-pc, pbh",Party Supplies,Partyware,345,,,,YES
302021,60030,"Lootbag Exp. Spinning Top, 4-pc, pbh",Party Supplies,Partyware,345,,,,YES
302021,60031,"Lootbag Exp. Rubber Duck, 6-pc, pbh",Party Supplies,Partyware,345,,,,YES
302021,60032,"Lootbag Exp. Fire Engine Pullback car, 3-pc, pbh",Party Supplies,Partyware,345,,,,YES
302021,60033,"Lootbag Exp. Compass ,4-pc, pbh",Party Supplies,Partyware,345,,,,YES
302021,60034,"Lootbag Exp. Pull-Back Fighter Jet, 3-pc, pbh",Party Supplies,Partyware,345,,,,YES
302021,60035,"Lootbag Exp.  Magic Snake, 2-pc, pbh",Party Supplies,Partyware,345,,,,YES
302021,60036,"Lootbag Exp. Pull-Back Racing Car, 4-pc, pbh",Party Supplies,Partyware,345,,,,YES
302021,60037,"Lootbag Exp. Finger Eyes, 6-pc, pbh",Party Supplies,Partyware,345,,,,YES
302021,60038,"Lootbag Exp. Finger Skateboard, 5-pc, pbh",Party Supplies,Partyware,345,,,,YES
302021,60039,"Lootbag Exp. Construction Pullback car, 3-pc, pbh",Party Supplies,Partyware,345,,,,YES
302021,60040,"Lootbag Exp. Pull-Back Space Shuttle, 4-pc, pbh",Party Supplies,Partyware,345,,,,YES
302021,60044,"Lootbag Exp. Smiley Paddle Drum, 4-pc, pbh",Party Supplies,Partyware,345,,,,YES
302021,60045,"Lootbag Exp. Flower Bangle, 8-pc, pbh",Party Supplies,Partyware,345,,,,YES
302021,60047,"Lootbag Exp. Jungle Animal Toy, 8-pc, pbh",Party Supplies,Partyware,345,,,,YES
302021,60050,"Lootbag Exp.  Stars Bracelet, 4-pc, pbh",Party Supplies,Partyware,345,,,,YES
302021,60052,"Lootbag Exp. Slide Puzzle, 4-pc, pbh",Party Supplies,Partyware,345,,,,YES
302021,60054,"Lootbag Exp. Necklace, 2-pc, pbh",Party Supplies,Partyware,345,,,,YES
302021,60055,"Lootbag Exp. Rings, 10-pc, pbh",Party Supplies,Partyware,345,,,,YES
302021,60057,"Lootbag Exp. Parachutist, 4-pc, pbh",Party Supplies,Partyware,345,,,,YES
302021,60067,"Lootbag Exp. 3.8cm Return Top, 6-pc, pbh",Party Supplies,Partyware,345,,,,YES
302021,60071,"Lootbag Exp. 3.2cm Bouncing Ball, 5-pc, pbh",Party Supplies,Partyware,345,,,,YES
302021,60113,"Lootbag Exp. Push Pop Bubble, 3-pc, pbh",Party Supplies,Partyware,345,,,,YES
302021,60115,"Lootbag Exp. Little Magic Rainbow Spring, 6-pc",Party Supplies,Partyware,345,,,,YES
302021,60116,"Lootbag Exp. Small  Grabber, 6-pc, pbh",Party Supplies,Partyware,345,,,,YES
302021,60129,"Lootbag Exp. Noisemaker, 6-pc, pbh",Party Supplies,Partyware,345,,,,YES
302021,60130,"Lootbag Exp. Crayons, 2-pc, pbh",Party Supplies,Partyware,345,,,,YES
302021,60131,"Lootbag Exp. Beaded Bracelet, 4-pc, pbh",Party Supplies,Partyware,345,,,,YES
302021,60138,"Lootbag Exp. Colored Beaded Bracelet, 4-pc, pbh",Party Supplies,Partyware,345,,,,YES
302021,60142,"Lootbag Exp. Clear Beaded Bracelet, 8-pc, pbh",Party Supplies,Partyware,345,,,,YES
302021,60144,"Lootbag Exp. Smiley Magic Spring, 6-pc, pbh",Party Supplies,Partyware,345,,,,YES
302021,60148,"Lootbag Exp. Spikey Gyroscope, 8-pc, pbh",Party Supplies,Partyware,345,,,,YES
302021,60156,"Lootbag Exp. Pullback Animal, 3-pc, pbh",Party Supplies,Partyware,345,,,,YES
302021,60157,"Lootbag Exp. Ball-shaped Hand Clapper, 6-pc, pbh",Party Supplies,Partyware,345,,,,YES
302021,77752,"Fab Design Dress Scarf Organizer,  26x41cm, w/color card",Clothing & Accessories,"Scarves, Hats & Caps",350,,,,YES
302021,83372,"H.E. 16-pc 7/8"" Dia Skid Preventors   Rubber,  b/c",Everyday Household,Floor & Edge Protectors,350,,,,YES
302021,83373,"H.E.  12-pc 1"" Dia Skid Preventors,  Rubber, b/c",Everyday Household,Floor & Edge Protectors,350,,,,YES
302021,83380,"H.E.  12-pc Clear Skid Preventors,  1"" Dia., b/c",Everyday Household,Floor & Edge Protectors,350,,,,YES
302021,83381,"H.E.14-pc Glass-top Skid Preventors , b/c",Everyday Household,Floor & Edge Protectors,350,,,,YES
302021,83382,"H.E. 20-pc  Bumper Protectors,  Clear col.,  b/c",Everyday Household,Floor & Edge Protectors,350,,,,YES
302021,83513,"H.E.  8-pc 1"" Dia Floor Protectors,  b/c",Everyday Household,Floor & Edge Protectors,350,,,,YES
302021,83516,"H.E.  8-pc Floor Protectors, 1-1/8"" Dia., b/c",Everyday Household,Floor & Edge Protectors,350,,,,YES
302021,83522,"H.E. 4-pc 1-7/8"" D Floor Protectors    b/c",Everyday Household,Floor & Edge Protectors,350,,,,YES
302021,83542,"H.E., 56-pc Asst'd Floor Protectors self adhesive, b/c(CS)",Everyday Household,Floor & Edge Protectors,350,,,,YES
302021,91481,"H.E. 70-PC Assorted Tabletop Felt Pads, Header Card",Everyday Household,Floor & Edge Protectors,350,,,,YES
302021,91487,"H.E.20-PC Floor Protectors Dia 1.5""x 4, Dia 1""x 16",Everyday Household,Floor & Edge Protectors,350,,,,YES
302021,91495,"H.E., 56-pc Self Adhesive Floor Protectors, b/c, black(CS)",Everyday Household,Floor & Edge Protectors,350,,,,YES
302021,91526,"H.E.48-Pc 3/4"" Floor Protector Pads Blister Card",Everyday Household,Floor & Edge Protectors,350,,,,YES
302021,92001,"H.E. 4-PC Round Chair Leg Caps B/C, Medium, 20-30mm",Everyday Household,Floor & Edge Protectors,350,,,,YES
302021,92002,"H.E. 4-PC Round Chair Leg Caps, B/C, Large, 30-40mm",Everyday Household,Floor & Edge Protectors,350,,,,YES
302021,92004,"H.E. 4-PC Square Chair Leg Caps, B/C, Medium, 21-31mm",Everyday Household,Floor & Edge Protectors,350,,,,YES
302021,92005,"H.E. 4-PC Square Chair Leg Caps, B/C, Large, 31-41mm",Everyday Household,Floor & Edge Protectors,350,,,,YES
302021,92098,"H.E. 4-PC FURN. Slider for Carpet Dia 1.2"", Blister card",Everyday Household,Floor & Edge Protectors,350,,,,YES
302021,92099,"H.E. 4-PC FURN. Slider for Carpet Dia 2.4"", Blister card",Everyday Household,Floor & Edge Protectors,350,,,,YES
302021,92119,H.E. 56-PC Floor Protectors Cork Blister card,Everyday Household,Floor & Edge Protectors,350,,,,YES
302021,92156,"H.E. 8-PC Carpet Protectors Dia: 2.55"". Blister card",Everyday Household,Floor & Edge Protectors,350,,,,YES
302021,92157,H.E. 100-PC Protector Set Bump and Scratch,Everyday Household,Floor & Edge Protectors,350,,,,YES
302021,81022,H.E. 3-PC Kids Velvet Hangers Sleeve Card,Laundry,Clothes Hangers,350,,,,YES
302021,81270,"H.E. 4-pc Vinyl Coated Hangers, sleeve card. Blue & White",Laundry,Clothes Hangers,350,,,,YES
302021,81333,"H.E.  4-pc Kids Hangers, 3 col.,  card holder",Laundry,Clothes Hangers,350,,,,YES
302021,83030,H.E. 2-PC Wood Hangers Sleeve card,Laundry,Clothes Hangers,350,,,,YES
302021,83143,H.E. 4-PC Braided Cord Hangers Sleeve card,Laundry,Clothes Hangers,350,,,,YES
302021,83146,"H.E. 2-PC Heavy Duty Coat Hanger PVC coated, Black, Sleeve card",Laundry,Clothes Hangers,350,,,,YES
302021,83169,"H.E. 5-PC Velvet hanger Grey, Sleeve card",Laundry,Clothes Hangers,350,,,,YES
302021,83491,"H.E.  4-pc Pl. Clothing Hangers,  White, sleeve card",Laundry,Clothes Hangers,350,,,,YES
302021,RS1973,3-Pk Heavy Duty Black Hangers,Laundry,Clothes Hangers,350,,,,YES
302021,73120,"H.E. Wall Mount Metal Hook,2/C t.o.c.",Everyday Household,Hooks & Hangers,360,,,,YES
302021,74589,"H.E., Foldable Over The Door Hook 2asst,grey,blk, metal+ABS, Card",Everyday Household,Hooks & Hangers,360,,,,YES
302021,81002,"H.E. Toliet Paper Holder 6.7 x 4.3 x 7.8"", t.o.c.",Everyday Household,Hooks & Hangers,360,,,,YES
302021,81003,"H.E. Over The Cabinet Door Hook H:4.3"", t.o.c.",Everyday Household,Hooks & Hangers,362,,,,YES
302021,81016,"H.E. Over The Cabinet Door Hook H:2.4"" Stainless Steel (CS)",Everyday Household,Hooks & Hangers,362,,,,YES
302021,81044,"H.E., Over The Door Hanging Hook, Sleeve card",Everyday Household,Hooks & Hangers,362,,,,YES
302021,81065,"H.E., Over The Door Double Hook, t.o.c.",Everyday Household,Hooks & Hangers,362,,,,YES
302021,81132,"H.E., Over The Door Bags Holder, clear colour, t.o.c.",Everyday Household,Hooks & Hangers,362,,,,YES
302021,83063,"H.E. 2-PC Removable Hooks Self-adhesive. L:2.7""",Everyday Household,Hooks & Hangers,362,,,,YES
302021,83064,"H.E. 3-PC Removable Hooks Self-adhesive. L:1.9""",Everyday Household,Hooks & Hangers,362,,,,YES
302021,83066,"H.E. 2-pc S/S Hooks, Self Adhesive, 4 styles, b/c",Everyday Household,Hooks & Hangers,362,,,,YES
302021,83067,"H.E. 4-pc S/S Hooks, Self Adhesive, 4 styles, b/c",Everyday Household,Hooks & Hangers,362,,,,YES
302021,83079,"2-pc Metal Carabiner Set, B/C, 3 Asst.",Everyday Household,Hooks & Hangers,362,,,,YES
302021,83082,"H.E. 2-PC Magnetic Hooks, B/C",Everyday Household,Hooks & Hangers,362,,,,YES
302021,83325,"H.E.  2-pc Broom Clip, b/c",Everyday Household,Hooks & Hangers,362,,,,YES
302021,83338,"H.E.  4-pc Plastic Mug Hooks,  Self-adhesive, b/c,2.5cm x 5cm",Everyday Household,Hooks & Hangers,362,,,,YES
302021,83339,"H.E.  4-pc Plastic Utility Hooks, White, b/c,3.5cm x 4cm",Everyday Household,Hooks & Hangers,362,,,,YES
302021,83340,"H.E.  2-pc Pl. Large Vogue Hooks,  Self-adhesive, b/c",Everyday Household,Hooks & Hangers,362,,,,YES
302021,83341,"H.E.  4-pc Plastic Vogue Hooks,  Self-adhesive, b/c",Everyday Household,Hooks & Hangers,362,,,,YES
302021,83342,"H.E.  2-pc Plastic Over Door Hooks,  b/c",Everyday Household,Hooks & Hangers,362,,,,YES
302021,83407,"H.E.  2-pc 5"" S Hooks, b/c Hold up to 10 lbs",Everyday Household,Hooks & Hangers,362,,,,YES
302021,83408,"H.E.  3-pc 3"" S Hook,  b/c Hold up to 6.5 lbs",Everyday Household,Hooks & Hangers,362,,,,YES
302021,83440,"H.E.  S/S Towel Bar, t.o.c. Thickness: 1.2mm",Everyday Household,Hooks & Hangers,362,,,,YES
302021,83441,"H.E. S/S Multi-purpose Utility Hook , t.o.c.",Everyday Household,Hooks & Hangers,362,,,,YES
302021,83442,"HE, S/S  Multi-purpose Utility Dual Hook, t.o.c.  Thickness:1.2mm",Everyday Household,Hooks & Hangers,362,,,,YES
302021,83447,"H.E., 3-pc. 4"" S Hooks, B/C",Everyday Household,Hooks & Hangers,362,,,,YES
302021,83448,"H.E., 5-pc. 2"" S Hooks, B/C",Everyday Household,Hooks & Hangers,362,,,,YES
302021,83584,"H.E. Master Pro, 21-pc Picture Hanging Set, b/c",Everyday Household,Hooks & Hangers,362,,,,YES
302021,83652,"H.E.  8-pc 2"" Metal Cup Hooks, b/c",Everyday Household,Hooks & Hangers,362,,,,YES
302021,83654,"H.E.  8-pc 1.5"" Metal Cup Hooks, b/c",Everyday Household,Hooks & Hangers,362,,,,YES
302021,83655,"H.E.  16-pc 1"" Metal Cup Hooks,  b/c",Everyday Household,Hooks & Hangers,362,,,,YES
302021,83701,"H.E.  4-pc Suction Plastic Hooks,  30mm, b/c",Everyday Household,Hooks & Hangers,362,,,,YES
302021,83702,"H.E.  3-PC Suction Metal Hooks, 42mm,  b/c",Everyday Household,Hooks & Hangers,362,,,,YES
302021,83704,"H.E.  2-pc Suction Plastic Hooks,  60mm, b/c",Everyday Household,Hooks & Hangers,362,,,,YES
302021,83832,"H.E., 2.5"" Magnetic Hook, White  Colour, b/c",Everyday Household,Hooks & Hangers,362,,,,YES
302021,89529,"H.E.  Multi-purpose Double Hooks , 3 col., double blister",Everyday Household,Hooks & Hangers,362,,,,YES
302021,91442,"H.E. 2-Pc 2""  Coated Steel Cup Hook , Black, Blister Card",Everyday Household,Hooks & Hangers,362,,,,YES
302021,91443,"H.E. 3-Pc 1.5""Coated Steel Cup Hook , Black, Blister Card",Everyday Household,Hooks & Hangers,362,,,,YES
302021,91444,"H.E.4-pc 1.25""Coated Steel Cup Hook , Black, Blister Card",Everyday Household,Hooks & Hangers,362,,,,YES
302021,91496,"H.E. Over The Door Hook, 2/C, T.O.C 17 x 7.5cm",Everyday Household,Hooks & Hangers,362,,,,YES
302021,91504,"H.E. 2-Pc 2""  Coated Steel Cup Hook Blister Card",Everyday Household,Hooks & Hangers,362,,,,YES
302021,91505,"H.E. 3-Pc 1.5""Coated Steel Cup Hook Blister Card",Everyday Household,Hooks & Hangers,362,,,,YES
302021,91506,"H.E.4-pc 1.25""Coated Steel Cup Hook Blister Card",Everyday Household,Hooks & Hangers,362,,,,YES
302021,91507,"H.E. 5-Pc 1"" Coated Steel Cup Hook Blister Card",Everyday Household,Hooks & Hangers,362,,,,YES
302021,91519,"H.E. 2-Pc Utility Hooks, White, M, B/C, 1"" x 3""",Everyday Household,Hooks & Hangers,362,,,,YES
302021,91523,"H.E., Garment Hook, 2 Col., Blister Card",Everyday Household,Hooks & Hangers,362,,,,YES
302021,92048,"H.E. Whale Suction Cup Hook , T.O.C., 3 Asst.",Everyday Household,Hooks & Hangers,362,,,,YES
302021,92053,"H.E., Over The Door Double Hook W/ Wooden Tip, TOC, 2 Col.",Everyday Household,Hooks & Hangers,362,,,,YES
302021,92054,"H.E. S.S. Over The Cabinet Set, Clamshell,",Everyday Household,Hooks & Hangers,362,,,,YES
302021,92109,"H.E. 2-PC Mop and Broom Wall Clips Capacity: 3kg, Blister card",Everyday Household,Hooks & Hangers,362,,,,YES
302021,92110,"H.E. 2-PC Utility Hooks 3 colors, Blister card",Everyday Household,Hooks & Hangers,362,,,,YES
302021,92111,"H.E. Multifunction Adhesive Hook 2 Colors, Capacity: 1kg (CS)",Everyday Household,Hooks & Hangers,362,,,,YES
302021,92117,H.E. Spray Bottle Holder TOC,Everyday Household,Hooks & Hangers,362,,,,YES
302021,92143,"H.E. Vacuum Suction Hook 4.7""x1.6""x7.5"",Blister Card",Everyday Household,Hooks & Hangers,362,,,,YES
302021,92144,"H.E.  Vacuum Suction Storage Box 6.7""x2.8""x8.5"". Blister Card",Everyday Household,Hooks & Hangers,362,,,,YES
302021,81133,"H.E., Magnetic Organizer, White  Colour, t.o.c.",Everyday Household,Houseware,362,,,,YES
302021,92021,"H.E. Wall Mount Sliding Hook T.O.C., L:40cm, dark grey",Everyday Household,Houseware,362,,,,YES
302021,92036,"H.E. Fly Swatter, Hang Tag, 3 Col.",Everyday Household,Houseware,362,,,,YES
302021,92158,"H.E. Tension Curtain Rod 26"" to 44"", PHC",Everyday Household,Houseware,362,,,,YES
302021,92159,"H.E. Tension Curtain Rod 48"" to 84"", PHC",Everyday Household,Houseware,362,,,,YES
302021,92160,"H.E. Magnetic Curtain Rod 18"" to 28"", PHC",Everyday Household,Houseware,362,,,,YES
302021,83088,"16x24"" Corrugated Sign""Garage Sale""  , 2.5mm",Everyday Household,Notice Signs,362,,,,YES
302021,83095,"9x12"" Pvc Sign  ""Garage Sale""",Everyday Household,Notice Signs,362,,,,YES
302021,83700,"9x12"" PVC Sign ""Video Surveillance""",Everyday Household,Notice Signs,362,,,,YES
302021,73255,"H.E Master Pro Spring Door Stop L:3"". Blister card",Hardware,Tools & Accessories,362,,,,YES
302021,83537,"H.E.  32"" Pick-up & Reaching Tool,  pbh",Hardware,Tools & Accessories,362,,,,YES
302021,92146,H.E. Foldable Laundry Drying Rack with 12 Pegs. Header card,Laundry,Clothes Hangers,362,,,,YES
302021,92148,"H.E. Space Saving Hanger with 9 Hooks, L:13.7""",Laundry,Clothes Hangers,362,,,,YES
302021,83645,"H.E.  24-pc Wooden Clothes Pins, pbh",Laundry,Clothes Pins and Clips,362,,,,YES
302021,83707,"H.E.  24-pc Bamboo Clothes Pins, window box",Laundry,Clothes Pins and Clips,362,,,,YES
302021,91272,"H.E.12-Pc Jumbo Wooden Clothes Pins pbh, 1.4x1.3x10cm",Laundry,Clothes Pins and Clips,362,,,,YES
302021,74489,"Bodico, Power Suction Hook, 3asst,  hang card",Personal Care,Bathroom Accessories,362,,,,YES
302021,74538,"Bodico, Power Suction Hook wht, chrome, blk, h/c",Personal Care,Bathroom Accessories,362,,,,YES
302021,83204,"Rain-Guard Folding Umbrella w/Pouch  4 asst'd, Pattern Designs, tag",Everyday Household,Rain Gear,363,,,,YES
302021,83208,"52""Wx 40""L Adult Rain Poncho,  3 col., polybag w/ colour insert.",Everyday Household,Rain Gear,363,,,,YES
302021,79016,"Mr.Bone. 10-pc 5"" Bleached Rawhide Bone, 50gm",Pet Supplies,Chewables,363,,,,YES
302021,79017,"Mr. Bone. 4-pc Rawhide Mini Bones,  2.5x3"", 2/s, 45gm",Pet Supplies,Chewables,363,,,,YES
302021,79019,"Mr. Bone 7""-8""  White Bone, 155gm",Pet Supplies,Chewables,363,,,,YES
302021,79023,"Mr. Bone. 8"" Munchy Knuckle Bone, 155gm",Pet Supplies,Chewables,363,,,,YES
302021,79025,"Mr. Bone 8pk. Twist Beef, 45gm",Pet Supplies,Chewables,363,,,,YES
302021,79028,"Mr. Bone. 2-pc 5"" Bleached Rawhide  Bones",Pet Supplies,Chewables,363,,,,YES
302021,79029,"Mr. Bone 8"" Bleached Rawhide Bone, 70gm",Pet Supplies,Chewables,363,,,,YES
302021,79033,"Mr. Bone 1-pc 10"" White Rawhide  Rolls, 115gm",Pet Supplies,Chewables,363,,,,YES
302021,79082,"Mr. Bone 4.5-5.5"" White Rawhide Ring, 95gm",Pet Supplies,Chewables,363,,,,YES
302021,79009,"PAWS. Large Cat Litter Pan, 3 colors",Pet Supplies,Pet Accessories,363,,,,YES
302021,79013,"PAWS.23""x14"" Litter Catcher Mat Blue & Grey colours, Header Card",Pet Supplies,Pet Accessories,363,,,,YES
302021,79037,"PAWS. 12-ft Tie Out Cable, 3 col.",Pet Supplies,Pet Accessories,363,,,,YES
302021,79040,"PAWS. 9"" 2-sided Bristle/Pin Brush",Pet Supplies,Pet Accessories,363,,,,YES
302021,79041,"PAWS.48"" Dog Chain Leash, w/Nylon Handle, 3 col.",Pet Supplies,Pet Accessories,363,,,,YES
302021,79042,"PAWS.Adjustable Dog Collar,4/c,5/8"" x11.5, 3/4""x15.5"",1""x18""(A312684)",Pet Supplies,Pet Accessories,363,,,,YES
302021,79043,"PAWS.1.2m Pet Leash w/Collar,6 col.  (A312685)",Pet Supplies,Pet Accessories,363,,,,YES
302021,79045,PAWS.2x20-sheet Doggy Clean Up Bags,Pet Supplies,Pet Accessories,363,,,,YES
302021,79046,"PAWS. 250ml Travelling Pet Water Bottle, 2 col.(Orange, Green)",Pet Supplies,Pet Accessories,363,,,,YES
302021,79058,"PAWS. 15-ft Training/Tie-out Lead,  3 col. (DR98838)",Pet Supplies,Pet Accessories,363,,,,YES
302021,79059,"PAWS Adjustable Nylon Dog Collar,  3 col. (A398260)",Pet Supplies,Pet Accessories,363,,,,YES
302021,79077,"PAWS. 60"" x 3/4"" Dog Leash, 4 col.",Pet Supplies,Pet Accessories,363,,,,YES
302021,79107,"PAWS Auto Seatbelt Leash, t.o.c.",Pet Supplies,Pet Accessories,363,,,,YES
302021,79108,"PAWS Hands free Dog Leash w/waist belt, tie-on-card",Pet Supplies,Pet Accessories,363,,,,YES
302021,79175,"PAWS Comfort Harness, Size M 3/s, hang tag, OPP bag",Pet Supplies,Pet Accessories,363,,,,YES
302021,79191,"PAWS 18.5"" Heavy Duty Rope Tug Toy, 4/col, header card",Pet Supplies,Pet Accessories,363,,,,YES
302021,79194,"PAWS Anti-Shock Dog leash 38'  , 2/s, tie-on-card, (HZ)",Pet Supplies,Pet Accessories,363,,,,YES
302021,79195,"PAWS, Multi-Use Grooming Gloves header card (79240)",Pet Supplies,Pet Accessories,363,,,,YES
302021,79216,"PAWS Dog Poop Bag w/Dispenser 2roll,20pcs/ roll, blister card",Pet Supplies,Pet Accessories,363,,,,YES
302021,79218,"Paws,  Pvc Pet Teeth Cleaner, 9cm Dia., 4 col., header card",Pet Supplies,Pet Accessories,363,,,,YES
302021,79235,"PAWS Cat Collar w/bell, 2 Asst., t.o.c.",Pet Supplies,Pet Accessories,363,,,,YES
302021,79237,"Pet Shop, Laser Pointer with Five Tips, 2 styles, clamshell,(CS),",Pet Supplies,Pet Accessories,363,,,,YES
302021,79239,"PAWS,  9"" x 12"", 5-pk Clean Up Bag 15 Bags  per roll,(CS)",Pet Supplies,Pet Accessories,363,,,,YES
302021,79244,"PAWS. 13""x6.25""x1.5"" Large Litter Scoop, 3 assorted col.",Pet Supplies,Pet Accessories,363,,,,YES
302021,79245,"PAWS.20""x12""x0.25"" Pet Dish Mat, Clear",Pet Supplies,Pet Accessories,363,,,,YES
302021,79247,"PAWS. 3.25"" Cat Treat Dispenser 2 colors, Col/Box",Pet Supplies,Pet Accessories,363,,,,YES
302021,79266,"PAWS Cat Collar, 3 Colours",Pet Supplies,Pet Accessories,363,,,,YES
302021,79268,PAWS Metal Spiral Dog Tie Out Stake Header Card,Pet Supplies,Pet Accessories,363,,,,YES
302021,79275,"PAWS 128g Flying Disc Pet Toys 4 col, t.o.c",Pet Supplies,Pet Accessories,363,,,,YES
302021,79281,"PAWS 5.5"" Large Spiky Bone, 4/col",Pet Supplies,Pet Accessories,363,,,,YES
302021,79295,"PAWs Flying Disc Dog Toy, Wrap card",Pet Supplies,Pet Accessories,363,,,,YES
302021,79300,"PAWS. 2.5-cup Pet Food Scoop, 3 col. , tie on card",Pet Supplies,Pet Accessories,363,,,,YES
302021,79304,"PAWS Hair Removal Brush, 2 col., clam shell,(CS)",Pet Supplies,Pet Accessories,363,,,,YES
302021,79305,"PAWS 15"" Plush Dog Toy w/ Crunchy Sound., hang tag w/ S hook",Pet Supplies,Pet Accessories,363,,,,YES
302021,79311,"PAWS, Round Dental Ball, 4.3"" Dia. 4 colours, hanging card",Pet Supplies,Pet Accessories,363,,,,YES
302021,79312,"PAWS Dental Ball, 3.3"" Dia., 3 colours, hanging card",Pet Supplies,Pet Accessories,363,,,,YES
302021,79313,"PAWS, Dental Football, 5"", 98 gr, 4 colours, hanging card",Pet Supplies,Pet Accessories,363,,,,YES
302021,79314,"PAWS, Dental Bone, 6"", 91g, 4 Asstd Col, t.o.c.",Pet Supplies,Pet Accessories,363,,,,YES
302021,79317,"PAWS, Cat Teaser Wand, 4 colours, t.o.c.",Pet Supplies,Pet Accessories,363,,,,YES
302021,79319,"PAWS, Catnip Toy, 4 Asstd Styles, 12pc/Clip Strip, polybg w/header",Pet Supplies,Pet Accessories,363,,,,YES
302021,79325,"PAWS Pet Toy for Puppy, Ring DIA 9.5x1.5cm, Tie on Card, 4 color",Pet Supplies,Pet Accessories,363,,,,YES
302021,79329,"Pet Toy with Tennis Ball. 4  Assorted, hanging tag",Pet Supplies,Pet Accessories,363,,,,YES
302021,79343,"PAWS.24""x24"" 4-pk Pet Training pads",Pet Supplies,Pet Accessories,363,,,,YES
302021,79370,"PAWS Adjustable Dog Collar (L), 3C, t.o.c.",Pet Supplies,Pet Accessories,363,,,,YES
302021,79372,"PAWS Adjustable Dog Collar (S), 3C, t.o.c.",Pet Supplies,Pet Accessories,363,,,,YES
302021,79373,"PAWS Adjustable Dog Collar, (XS), 3C, t.o.c.",Pet Supplies,Pet Accessories,363,,,,YES
302021,79511,"PAWS Spiny Rope Toy, 4 colour 8"" x 2.5"",Hanging Card",Pet Supplies,Pet Accessories,363,,,,YES
302021,79516,"PAWS Reflective Collar& Leash Set 8""-14"",3C,Tie Card w/J Hook(DCS)",Pet Supplies,Pet Accessories,363,,,,YES
302021,79517,"PAWS Reflective Collar& Leash Set 13""- 20"", 3c, TOC w/J Hook(CS)",Pet Supplies,Pet Accessories,363,,,,YES
302021,79519,"PAWS, 41"" Pet Faucet Sprayer Tie-on Card",Pet Supplies,Pet Accessories,363,,,,YES
302021,79543,"Pet Nail Clippers and File Set 6.5""/5.5"", 2 pc set,Insert card (DCS)",Pet Supplies,Pet Accessories,363,,,,YES
302021,79012,"PAWS. 2-pc 2.5"" Printed Pet Tennis Balls, 2 col. in a bag,(CS)",Pet Supplies,Pet Toys,363,,,,YES
302021,79038,"PAWS. Dog Squeeze Toys, 9 styles",Pet Supplies,Pet Toys,363,,,,YES
302021,79048,"PAWS. 29"" Rope Tug Toy w/Ball, 4/c  (A388667)",Pet Supplies,Pet Toys,363,,,,YES
302021,79049,"PAWS. 12"" Rope Tug Toy w/Ball  4 colours, (A388668)",Pet Supplies,Pet Toys,363,,,,YES
302021,79051,"PAWS. 18"" Cat Dangler, 3 styles  (A382535)",Pet Supplies,Pet Toys,363,,,,YES
302021,79053,PAWS. Deluxe Jumbo Pet Toys 6 Asst  (AZ92763),Pet Supplies,Pet Toys,363,,,,YES
302021,79066,"Paws, Animal Rope Toy, 3/s, Blue  Elephant/Purple Dog/Pink Pig,t.o.c",Pet Supplies,Pet Toys,363,,,,YES
302021,79117,"PAWS Cat Rustling Toy w/noise & ribbon, TOC",Pet Supplies,Pet Toys,363,,,,YES
302021,79131,"PAWS. Catnip Toys, 9 styles tie on card",Pet Supplies,Pet Toys,363,,,,YES
302021,79132,"PAWS. Cat Toys, 6 styles ,(CS)",Pet Supplies,Pet Toys,363,,,,YES
302021,79134,PAWS Door-Hanging Toy 3 colours (CS),Pet Supplies,Pet Toys,363,,,,YES
302021,79138,"PAWS. Vibrating Toy, 3 Styles ,(CS)",Pet Supplies,Pet Toys,363,,,,YES
302021,79139,"PAWS. 19.5"" Tennis Ball and Thrower 3 colours, w/ hang tag, (79135)",Pet Supplies,Pet Toys,363,,,,YES
302021,79269,"PAWS Pet Play Tunnel (9.75""x19.5"") 2/col, Opp bag+insert",Pet Supplies,Pet Toys,363,,,,YES
302021,79278,"PAWS 9.5"" Rope Ball Pet Toy, 4/col, hang card",Pet Supplies,Pet Toys,363,,,,YES
302021,79341,"PAWS Ball with Squeaker, 4 Asst., h/c",Pet Supplies,Pet Toys,363,,,,YES
302021,79345,"PAWS Rope Tug Toy w/TPR Spiny Bone, 2/col, toc",Pet Supplies,Pet Toys,363,,,,YES
302021,79507,"PAWS Bone Fetch Ball, 4 Colour 2.75"", TOC",Pet Supplies,Pet Toys,363,,,,YES
302021,79545,"PAWS Spiky Teething Toy, 2 col., hang tag",Pet Supplies,Pet Toys,363,,,,YES
302021,79673,"PAWS Squeaky Ball Pet Toy, 2 Asst., h/t",Pet Supplies,Pet Toys,363,,,,YES
302021,79768,"11.5"" PAWS Screaming Chicken Pet Toy, Hang Tag",Pet Supplies,Pet Toys,363,,,,YES
302021,TT78103,"Tintex Fabric Dye, Dark Plum, 55 g.",Everyday Household,Tintex Dyes,364,,,,YES
302021,TT78125,"Tintex Fabric Dye, Navy Blue, 55 g.",Everyday Household,Tintex Dyes,364,,,,YES
302021,TX78105,"Tintex Fabric Dye, Brilliant Yellow , 55 g. (to replace TT78105)",Everyday Household,Tintex Dyes,364,,,,YES
302021,TX78106,"Tintex Fabric Dye, Royal Blue, 55g. (to replace #TT78106)",Everyday Household,Tintex Dyes,364,,,,YES
302021,TX78136,"Tintex Fabric Dye, Forest Green, 55 g. (#TT78136)",Everyday Household,Tintex Dyes,364,,,,YES
302021,TX78144,"Tintex Fabric Dye, Black, 55 g. (to replace #TT78144)",Everyday Household,Tintex Dyes,364,,,,YES
302021,TX78170,"Tintex Fabric Dye, Whitex, 55 g. (to replace #TT78170)",Everyday Household,Tintex Dyes,364,,,,YES
302021,46314,"Paper T. Gift Bag, Large, Hearts, Matte, 157GSM,",Gift Bags & Wrap,Bags - Large,370,,,,YES
302021,46320,"Paper T. DLX Gift Bag, Large, Roses, Matte, 210GSM,",Gift Bags & Wrap,Bags - Large,370,,,,YES
302021,46408,"Paper T. Gift Bag, Large, Jar of Love, Matte/HS,",Gift Bags & Wrap,Bags - Large,370,,,,YES
302021,31381,"Paper T. 5pk Kraft Gift Bags, 5.5""x3.9""x2"", wrap band",Gift Bags & Wrap,Bags - Small,370,,,,YES
302021,46805,"Paper T. Set/10 Rect. Gift Boxes, Hot Stamp, Jewel Tones, XXXXL: 14.5""x10.6""x4.3"" - XXXS: 5.7""x3.9""x2"", UPC on each; ea set in polybag",Gift Bags & Wrap,Boxes,371,,,,YES
302021,46806,"Paper T. Set/10 Rect. Gift Boxes, Hot Stamp, Gold Dots on Bright Solids, XXXXL: 14.5""x10.6""x4.3"" - XXXS: 5.7""x3.9""x2"", UPC on each; ea set in polybag",Gift Bags & Wrap,Boxes,371,,,,YES
302021,46807,"Paper T. Set/10 Rect. Gift Boxes, Hot Stamp, Pastel Tones, XXXXL: 14.5""x10.6""x4.3"" - XXXS: 5.7""x3.9""x2"", UPC on each; ea set in polybag",Gift Bags & Wrap,Boxes,371,,,,YES
302021,46811,"Paper T. Set/10 Rect. Gift Boxes, Solid Fuchsia, XXXXL: 14.5""x10.6""x4.3"" - XXXS: 5.7""x3.9""x2"" UPC on each; ea set in polybag",Gift Bags & Wrap,Boxes,371,,,,YES
302021,46818,"Paper T. Set/7 Rect. Gift Boxes, Gold Foil Floral, L: 7.87""x7.87""x3.75"" - S: 6.1""x6.1""x3"" UPC on each; ea set in polybag",Gift Bags & Wrap,Boxes,371,,,,YES
302021,47457,"Foil Gift Box, 6x6x6"", 3 col.,  pbh",Gift Bags & Wrap,Boxes,371,,,,YES
302021,47458,"Foil Gift Box, 6x4x4"", 3 col.,  pbh",Gift Bags & Wrap,Boxes,371,,,,YES
302021,55222,"4.5"" Boy Soccer Player Figurine,  Polyresin, 4 styles, bubble wrap",Home DÃ©cor & Giftware,DÃ©cor Accents & Figurines,500,,,,YES
302021,55223,"7"" Boy Soccer Player Figurine,  Polyresin, 4 styles, brown box",Home DÃ©cor & Giftware,DÃ©cor Accents & Figurines,500,,,,YES
302021,55224,"3"" Girl Soccer Player Figurine,  Polyresin, 4 styles, bubble wrap",Home DÃ©cor & Giftware,DÃ©cor Accents & Figurines,500,,,,YES
302021,55225,"4.5"" Girl Soccer Player Figurine,  Polyresin, 4 styles, bubble wrap",Home DÃ©cor & Giftware,DÃ©cor Accents & Figurines,500,,,,YES
302021,55226,"7"" Girl Soccer Player Figurine,  Polyresin, 4 styles, brown box",Home DÃ©cor & Giftware,DÃ©cor Accents & Figurines,500,,,,YES
302021,55247,"3"" Polyresin Fish Figurine,4 styles",Home DÃ©cor & Giftware,DÃ©cor Accents & Figurines,500,,,,YES
302021,55248,"5"" Polyresin Fish Figurin, 4 styles",Home DÃ©cor & Giftware,DÃ©cor Accents & Figurines,500,,,,YES
302021,55438,"3""H Polyresin Mermaid Figurine,  4 styles",Home DÃ©cor & Giftware,DÃ©cor Accents & Figurines,500,,,,YES
302021,55227,"3.75"" Boy Soccer Player Coin Bank,  2 styles, bubble wrap",Home DÃ©cor & Giftware,Home DÃ©cor,500,,,,YES
302021,55230,"5.5""W Girl Soccer Player Coin Bank,  2 styles, brown box",Home DÃ©cor & Giftware,Home DÃ©cor,500,,,,YES
302021,54271,"4""W ANGEL MAGNETIC MEMO HOLDER. 2 STYLES @ 2 COLORS.",Home DÃ©cor & Giftware,Novelty Magnets,500,,,,YES
302021,65730-13,"Happy Day Round Glass Magnet 1.5"", 6 Asstd, 24/DSP",Home DÃ©cor & Giftware,Novelty Magnets,500,,,,YES
302021,65730-14,"Sunshine & Rainbows Round Glass Magnet 1.5"", 6 Asstd, 24/DSP",Home DÃ©cor & Giftware,Novelty Magnets,500,,,,YES
302021,54776,"7""W P/resin Crab Plaque w/Glitters,  3 styles, bubble wrap",Home DÃ©cor & Giftware,Wall DÃ©cor - Wall Accents,500,,,,YES
302021,56053,"Starry Night Star & Tassel Garland,  44.5""L",Home DÃ©cor & Giftware,Wall DÃ©cor - Wall Accents,500,,,,YES
302021,56054,"Starry Night Hanging Wreath,",Home DÃ©cor & Giftware,Wall DÃ©cor - Wall Accents,500,,,,YES
302021,56243,"10"" Metal Fish Plaque w/Beads,  4 col.",Home DÃ©cor & Giftware,Wall DÃ©cor - Wall Accents,500,,,,YES
302021,66998,"3D Hanging Cutout Paper Star 36"", White, cbx",Home DÃ©cor & Giftware,Wall DÃ©cor - Wall Accents,500,,,,YES
302021,30665,"Desk Tech  24"" x 48"" Bubble Wrap,  pbh",Stationery,Mailing Supplies,600,,,,YES
302021,20509,"O.WKs. Clear Tape w/Dispenser (3/4"" x 1300"") (A181163)",Stationery,"Tapes, Glues, Rubber Band",600,,,,YES
302021,30846,"O.WKs. 3/4"" x 1300"" Invisible Tape w/Dispenser, header",Stationery,"Tapes, Glues, Rubber Band",600,,,,YES
302021,30847,"O.WKs. 3/4""x1300"" Transparent Tape w/Dispenser, header",Stationery,"Tapes, Glues, Rubber Band",600,,,,YES
302021,07147-03,"Woody's Stickers, Marine Animals,  3 styles, pbh",Stickers & Tattoos,Stickers,601,,,,YES
302021,07147-05,"Woody's Stickers, Stars, 3 styles,  pbh",Stickers & Tattoos,Stickers,601,,,,YES
302021,07147-07,"Woody's Laser Stickers, Butterfly,  3 styles, pbh",Stickers & Tattoos,Stickers,601,,,,YES
302021,07147-08,"Woody's Stickers, Butterfly,  3 styles, pbh",Stickers & Tattoos,Stickers,601,,,,YES
302021,07147-104,"Woody's stickers, Sports 3 Asstd Styles, pbh",Stickers & Tattoos,Stickers,601,,,,YES
302021,07147-105,"Woody's stickers, Fairy Tales, 3 Asstd Styles, pbh",Stickers & Tattoos,Stickers,601,,,,YES
302021,07147-106,"Woody's Stickers, Jungle, 3 asst golden outline laser sticker, pbh",Stickers & Tattoos,Stickers,601,,,,YES
302021,07147-107,"Woody's Stickers, Dinos, 3 styles, golden outline laser sticker, pbh",Stickers & Tattoos,Stickers,601,,,,YES
302021,07147-108,"Woody's Stickers, Doggy, 3 styles, golden outline laser sticker, pbh",Stickers & Tattoos,Stickers,601,,,,YES
302021,07147-109,"Woody's Stickers, Fast Cars, 3 styles , golden outline, pbh",Stickers & Tattoos,Stickers,601,,,,YES
302021,07147-11,"Woody's Stickers, Princess, 3 Styles, pbh",Stickers & Tattoos,Stickers,601,,,,YES
302021,07147-110,"Woody's Stickers, Construction , holographic finish, 3 styles, pbh",Stickers & Tattoos,Stickers,601,,,,YES
302021,07147-111,"Woody's Stickers, Zoo Animals, 3 styles , golden outline, pbh",Stickers & Tattoos,Stickers,601,,,,YES
302021,07147-112,"Woody's Stickers, Kittens, 3 styles , golden outline, pbh",Stickers & Tattoos,Stickers,601,,,,YES
302021,07147-113,"Woody's Stickers, Doggies, 3 styles , golden outline, pbh",Stickers & Tattoos,Stickers,601,,,,YES
302021,07147-114,"Woody's Stickers, Birthday Party, 3 styles , golden outline, pbh",Stickers & Tattoos,Stickers,601,,,,YES
302021,07147-115,"Woody's Stickers, Ocean World, 3 styles , golden outline, pbh",Stickers & Tattoos,Stickers,601,,,,YES
302021,07147-116,"Woody's Stickers, Garden Insects, 3 styles , golden outline, pbh",Stickers & Tattoos,Stickers,601,,,,YES
302021,07147-117,"Woody's Stickers, Classroom Reward, 3 styles , golden outline, pbh",Stickers & Tattoos,Stickers,601,,,,YES
302021,07147-118,"Woody's Stickers, Fairy World, 3 styles , golden outline, pbh",Stickers & Tattoos,Stickers,601,,,,YES
302021,07147-119,"Woody's Stickers, Space Travel, 3 styles , golden outline, pbh",Stickers & Tattoos,Stickers,601,,,,YES
302021,07147-120,"Woody's Stickers, Pirates, 3 styles , golden outline, pbh",Stickers & Tattoos,Stickers,601,,,,YES
302021,07147-121,"Woody's Stickers, Emojis , holographic finish, 3 styles, pbh",Stickers & Tattoos,Stickers,601,,,,YES
302021,07147-122,"Woody's Stickers, Smileys , holographic finish, 3 styles, pbh",Stickers & Tattoos,Stickers,601,,,,YES
302021,07147-123,"Woody's Stickers, Cool Girls, , holographic finish, 3 styles, pbh",Stickers & Tattoos,Stickers,601,,,,YES
302021,07147-124,"Woody's Stickers, Mermaids, , holographic finish, 3 styles, pbh",Stickers & Tattoos,Stickers,601,,,,YES
302021,07147-125,"Woody's Stickers, Soccer, , holographic finish, 3 styles, pbh",Stickers & Tattoos,Stickers,601,,,,YES
302021,07147-126,"Woody's Stickers, Space Discovery, , holographic finish, 3 styles, pbh",Stickers & Tattoos,Stickers,601,,,,YES
302021,07147-128,"Woody's Stickers, Transportation, , holographic finish, 3 styles, pbh",Stickers & Tattoos,Stickers,601,,,,YES
302021,07147-129,"Woody's Stickers, Japanese Food, 3 styles, pbh",Stickers & Tattoos,Stickers,601,,,,YES
302021,07147-130,"Woody's Stickers, Cute Pups, 3 styles, pbh",Stickers & Tattoos,Stickers,601,,,,YES
302021,07147-132,"Woody's Stickers, Cute Kitties, 3 styles, pbh",Stickers & Tattoos,Stickers,601,,,,YES
302021,07147-16,"Woody's Stickers, Pets & Animals, 3 styles, pbh",Stickers & Tattoos,Stickers,601,,,,YES
302021,07147-17,"Woody's Stickers, Holographic, 3 styles, pbh",Stickers & Tattoos,Stickers,601,,,,YES
302021,07147-18,"Woody's Stickers, Ocean Fun, 3 styles, pbh",Stickers & Tattoos,Stickers,601,,,,YES
302021,07147-19,"Woody's Stickers, Comfy Animals, 3 styles, pbh",Stickers & Tattoos,Stickers,601,,,,YES
302021,07147-24,"Woody's Stickers, Cutie Animals,  3 styles, pbh",Stickers & Tattoos,Stickers,601,,,,YES
302021,07147-29,"Woody's Stickers, Stars  3 styles,  pbh",Stickers & Tattoos,Stickers,601,,,,YES
302021,07147-30,"Woody's Stickers, Hearts in 3 sizes  , 3 styles, pbh",Stickers & Tattoos,Stickers,601,,,,YES
302021,07147-42,"Woody's Laser Stickers, Flower,  3 styles, pbh",Stickers & Tattoos,Stickers,601,,,,YES
302021,07147-44,"Woody's Laser Stickers, Pets,  3 styles, pbh",Stickers & Tattoos,Stickers,601,,,,YES
302021,07147-45,"Woody's Laser Stickers, Sea Animal,  3 styles, pbh",Stickers & Tattoos,Stickers,601,,,,YES
302021,07147-50,"Woody's Laser Stickers, Numbers,  3 styles, pbh",Stickers & Tattoos,Stickers,601,,,,YES
302021,07147-57,"Woody's Stickers, Happy Face,  3 styles, pbh",Stickers & Tattoos,Stickers,601,,,,YES
302021,07147-66,"Woody's Stickers, Insect, 3 styles,  pbh",Stickers & Tattoos,Stickers,601,,,,YES
302021,07147-69,"Woody's Stickers,Vehicle, 3 styles,  pbh",Stickers & Tattoos,Stickers,601,,,,YES
302021,07147-71,"Woody's Alphabet Stickers,  3 styles, pbh",Stickers & Tattoos,Stickers,601,,,,YES
302021,07147-72,"Woody's Stickers, Animals/Unicorns 3 styles, pbh",Stickers & Tattoos,Stickers,601,,,,YES
302021,07147-75,"Woody's Stickers, Wild Animals/Cats 3 styles, pbh",Stickers & Tattoos,Stickers,601,,,,YES
302021,07147-85,"Woody's Stickers, 3 styles,  Flowers & Butterflies, pbh",Stickers & Tattoos,Stickers,601,,,,YES
302021,07147-93,"Woody's Stickers, Animals, 3 styles  pbh",Stickers & Tattoos,Stickers,601,,,,YES
302021,07147-94,"Woody's Stickers, Stars, 3 styles,  pbh",Stickers & Tattoos,Stickers,601,,,,YES
302021,07147-95,"Woody's Stickers,Balloons, 3 styles  pbh",Stickers & Tattoos,Stickers,601,,,,YES
302021,07147-96,"Woody's, Emoji Sticker, 3 asst. pbh (10191)",Stickers & Tattoos,Stickers,601,,,,YES
302021,07147-99,"Woody's stickers, Party 3 Asstd Styles, pbh",Stickers & Tattoos,Stickers,601,,,,YES
302021,11245,"Max-Cycle Poker Playing Cards,",Toys & Games,Hobbies & Games,602,,,,YES
302021,11347,"Jumbo Playing Cards, b/c ,(CS)",Toys & Games,Hobbies & Games,602,,,,YES
302021,01029,"Fun World Diecast 1:64, Pull Back, School Bus, b.c.",Toys & Games,Vehicles,602,,,,YES
302021,01765,"Diecast Pullback Pickup Truck, 12 Asst., b/c",Toys & Games,Vehicles,602,,,,YES
